Data Source,World Development Indicators,,,,,,,,,,,,,,,,,,,,,,,,,,,,,,,,,,,,,,,,,,,,,,,,,,,,,,,,,,,,,,,,,,
,,,,,,,,,,,,,,,,,,,,,,,,,,,,,,,,,,,,,,,,,,,,,,,,,,,,,,,,,,,,,,,,,,,
Last Updated Date,3/28/24,,,,,,,,,,,,,,,,,,,,,,,,,,,,,,,,,,,,,,,,,,,,,,,,,,,,,,,,,,,,,,,,,,
,,,,,,,,,,,,,,,,,,,,,,,,,,,,,,,,,,,,,,,,,,,,,,,,,,,,,,,,,,,,,,,,,,,
Country Code,Indicator Name,Indicator Code,1960,1961,1962,1963,1964,1965,1966,1967,1968,1969,1970,1971,1972,1973,1974,1975,1976,1977,1978,1979,1980,1981,1982,1983,1984,1985,1986,1987,1988,1989,1990,1991,1992,1993,1994,1995,1996,1997,1998,1999,2000,2001,2002,2003,2004,2005,2006,2007,2008,2009,2010,2011,2012,2013,2014,2015,2016,2017,2018,2019,2020,2021,2022,2023,...69
ISO_ABW,Income share held by lowest 20%,SI.DST.FRST.20,NA,NA,NA,NA,NA,NA,NA,NA,NA,NA,NA,NA,NA,NA,NA,NA,NA,NA,NA,NA,NA,NA,NA,NA,NA,NA,NA,NA,NA,NA,NA,NA,NA,NA,NA,NA,NA,NA,NA,NA,NA,NA,NA,NA,NA,NA,NA,NA,NA,NA,NA,NA,NA,NA,NA,NA,NA,NA,NA,NA,NA,NA,NA,NA,NA
ISO_AFE,Income share held by lowest 20%,SI.DST.FRST.20,NA,NA,NA,NA,NA,NA,NA,NA,NA,NA,NA,NA,NA,NA,NA,NA,NA,NA,NA,NA,NA,NA,NA,NA,NA,NA,NA,NA,NA,NA,NA,NA,NA,NA,NA,NA,NA,NA,NA,NA,NA,NA,NA,NA,NA,NA,NA,NA,NA,NA,NA,NA,NA,NA,NA,NA,NA,NA,NA,NA,NA,NA,NA,NA,NA
ISO_AFG,Income share held by lowest 20%,SI.DST.FRST.20,NA,NA,NA,NA,NA,NA,NA,NA,NA,NA,NA,NA,NA,NA,NA,NA,NA,NA,NA,NA,NA,NA,NA,NA,NA,NA,NA,NA,NA,NA,NA,NA,NA,NA,NA,NA,NA,NA,NA,NA,NA,NA,NA,NA,NA,NA,NA,NA,NA,NA,NA,NA,NA,NA,NA,NA,NA,NA,NA,NA,NA,NA,NA,NA,NA
ISO_AFW,Income share held by lowest 20%,SI.DST.FRST.20,NA,NA,NA,NA,NA,NA,NA,NA,NA,NA,NA,NA,NA,NA,NA,NA,NA,NA,NA,NA,NA,NA,NA,NA,NA,NA,NA,NA,NA,NA,NA,NA,NA,NA,NA,NA,NA,NA,NA,NA,NA,NA,NA,NA,NA,NA,NA,NA,NA,NA,NA,NA,NA,NA,NA,NA,NA,NA,NA,NA,NA,NA,NA,NA,NA
ISO_AGO,Income share held by lowest 20%,SI.DST.FRST.20,NA,NA,NA,NA,NA,NA,NA,NA,NA,NA,NA,NA,NA,NA,NA,NA,NA,NA,NA,NA,NA,NA,NA,NA,NA,NA,NA,NA,NA,NA,NA,NA,NA,NA,NA,NA,NA,NA,NA,NA,3.2,NA,NA,NA,NA,NA,NA,NA,5.4,NA,NA,NA,NA,NA,NA,NA,NA,NA,3.8,NA,NA,NA,NA,NA,NA
ISO_ALB,Income share held by lowest 20%,SI.DST.FRST.20,NA,NA,NA,NA,NA,NA,NA,NA,NA,NA,NA,NA,NA,NA,NA,NA,NA,NA,NA,NA,NA,NA,NA,NA,NA,NA,NA,NA,NA,NA,NA,NA,NA,NA,NA,NA,9.2,NA,NA,NA,NA,NA,8.4,NA,NA,8.4,NA,NA,8.9,NA,NA,NA,8.9,NA,7,7.7,7.3,7.6,7.9,8.5,8.4,NA,NA,NA,NA
ISO_AND,Income share held by lowest 20%,SI.DST.FRST.20,NA,NA,NA,NA,NA,NA,NA,NA,NA,NA,NA,NA,NA,NA,NA,NA,NA,NA,NA,NA,NA,NA,NA,NA,NA,NA,NA,NA,NA,NA,NA,NA,NA,NA,NA,NA,NA,NA,NA,NA,NA,NA,NA,NA,NA,NA,NA,NA,NA,NA,NA,NA,NA,NA,NA,NA,NA,NA,NA,NA,NA,NA,NA,NA,NA
ISO_ARB,Income share held by lowest 20%,SI.DST.FRST.20,NA,NA,NA,NA,NA,NA,NA,NA,NA,NA,NA,NA,NA,NA,NA,NA,NA,NA,NA,NA,NA,NA,NA,NA,NA,NA,NA,NA,NA,NA,NA,NA,NA,NA,NA,NA,NA,NA,NA,NA,NA,NA,NA,NA,NA,NA,NA,NA,NA,NA,NA,NA,NA,NA,NA,NA,NA,NA,NA,NA,NA,NA,NA,NA,NA
ISO_ARE,Income share held by lowest 20%,SI.DST.FRST.20,NA,NA,NA,NA,NA,NA,NA,NA,NA,NA,NA,NA,NA,NA,NA,NA,NA,NA,NA,NA,NA,NA,NA,NA,NA,NA,NA,NA,NA,NA,NA,NA,NA,NA,NA,NA,NA,NA,NA,NA,NA,NA,NA,NA,NA,NA,NA,NA,NA,NA,NA,NA,NA,6.2,NA,NA,NA,NA,9.2,NA,NA,NA,NA,NA,NA
ISO_ARG,Income share held by lowest 20%,SI.DST.FRST.20,NA,NA,NA,NA,NA,NA,NA,NA,NA,NA,NA,NA,NA,NA,NA,NA,NA,NA,NA,NA,5.3,NA,NA,NA,NA,NA,5.1,4.6,NA,NA,NA,4.8,4.6,4.5,4.4,3.8,3.5,3.5,3.4,3.5,3.2,2.6,2.8,3.3,3.6,3.7,3.9,4.1,4.2,4.3,4.5,4.8,5,5,5,NA,4.9,5,4.9,4.6,4.7,5,5.4,NA,NA
ISO_ARM,Income share held by lowest 20%,SI.DST.FRST.20,NA,NA,NA,NA,NA,NA,NA,NA,NA,NA,NA,NA,NA,NA,NA,NA,NA,NA,NA,NA,NA,NA,NA,NA,NA,NA,NA,NA,NA,NA,NA,NA,NA,NA,NA,NA,NA,NA,NA,7.6,NA,7.7,8,8.7,7.6,8.1,8.9,8.4,9.1,9.4,9.1,9,9,8.6,8.4,8.2,7.9,8.4,8.1,8.9,10.2,9.4,9.2,NA,NA
ISO_ASM,Income share held by lowest 20%,SI.DST.FRST.20,NA,NA,NA,NA,NA,NA,NA,NA,NA,NA,NA,NA,NA,NA,NA,NA,NA,NA,NA,NA,NA,NA,NA,NA,NA,NA,NA,NA,NA,NA,NA,NA,NA,NA,NA,NA,NA,NA,NA,NA,NA,NA,NA,NA,NA,NA,NA,NA,NA,NA,NA,NA,NA,NA,NA,NA,NA,NA,NA,NA,NA,NA,NA,NA,NA
ISO_ATG,Income share held by lowest 20%,SI.DST.FRST.20,NA,NA,NA,NA,NA,NA,NA,NA,NA,NA,NA,NA,NA,NA,NA,NA,NA,NA,NA,NA,NA,NA,NA,NA,NA,NA,NA,NA,NA,NA,NA,NA,NA,NA,NA,NA,NA,NA,NA,NA,NA,NA,NA,NA,NA,NA,NA,NA,NA,NA,NA,NA,NA,NA,NA,NA,NA,NA,NA,NA,NA,NA,NA,NA,NA
ISO_AUS,Income share held by lowest 20%,SI.DST.FRST.20,NA,NA,NA,NA,NA,NA,NA,NA,NA,NA,NA,NA,NA,NA,NA,NA,NA,NA,NA,NA,NA,7.7,NA,NA,NA,7.5,NA,NA,NA,7.3,NA,NA,NA,NA,NA,7.6,NA,NA,NA,NA,NA,7.4,NA,7.4,7.7,NA,NA,NA,7.2,NA,7.3,NA,NA,NA,7.4,NA,7.4,NA,7.3,NA,NA,NA,NA,NA,NA
ISO_AUT,Income share held by lowest 20%,SI.DST.FRST.20,NA,NA,NA,NA,NA,NA,NA,NA,NA,NA,NA,NA,NA,NA,NA,NA,NA,NA,NA,NA,NA,NA,NA,NA,NA,NA,NA,NA,NA,NA,NA,NA,NA,NA,8,8.2,8.5,8.4,8.2,8.6,8.7,NA,NA,8.5,8.5,8.8,8.6,8,8,7.7,8,7.8,7.8,8.1,8,7.9,7.7,8,7.9,7.9,7.9,7.7,NA,NA,NA
ISO_AZE,Income share held by lowest 20%,SI.DST.FRST.20,NA,NA,NA,NA,NA,NA,NA,NA,NA,NA,NA,NA,NA,NA,NA,NA,NA,NA,NA,NA,NA,NA,NA,NA,NA,NA,NA,NA,NA,NA,NA,NA,NA,NA,NA,7.1,NA,NA,NA,NA,NA,7.4,10.9,10.2,10.7,10.8,NA,NA,NA,NA,NA,NA,NA,NA,NA,NA,NA,NA,NA,NA,NA,NA,NA,NA,NA
ISO_BDI,Income share held by lowest 20%,SI.DST.FRST.20,NA,NA,NA,NA,NA,NA,NA,NA,NA,NA,NA,NA,NA,NA,NA,NA,NA,NA,NA,NA,NA,NA,NA,NA,NA,NA,NA,NA,NA,NA,NA,NA,7.9,NA,NA,NA,NA,NA,5.1,NA,NA,NA,NA,NA,NA,NA,8.9,NA,NA,NA,NA,NA,NA,6.9,NA,NA,NA,NA,NA,NA,7.1,NA,NA,NA,NA
ISO_BEL,Income share held by lowest 20%,SI.DST.FRST.20,NA,NA,NA,NA,NA,NA,NA,NA,NA,NA,NA,NA,NA,NA,NA,NA,NA,NA,NA,NA,NA,NA,NA,NA,NA,9.7,NA,NA,9.6,NA,NA,NA,9.5,NA,NA,8.6,NA,9,NA,NA,8.4,NA,NA,8.5,8.4,8.7,8.7,8.6,8.7,8.5,8.6,8.6,8.7,8.6,8.6,8.6,8.6,8.7,8.9,9,9.4,9.2,NA,NA,NA
ISO_BEN,Income share held by lowest 20%,SI.DST.FRST.20,NA,NA,NA,NA,NA,NA,NA,NA,NA,NA,NA,NA,NA,NA,NA,NA,NA,NA,NA,NA,NA,NA,NA,NA,NA,NA,NA,NA,NA,NA,NA,NA,NA,NA,NA,NA,NA,NA,NA,NA,NA,NA,NA,7,NA,NA,NA,NA,NA,NA,NA,6.1,NA,NA,NA,3.2,NA,NA,7,NA,NA,7.6,NA,NA,NA
ISO_BFA,Income share held by lowest 20%,SI.DST.FRST.20,NA,NA,NA,NA,NA,NA,NA,NA,NA,NA,NA,NA,NA,NA,NA,NA,NA,NA,NA,NA,NA,NA,NA,NA,NA,NA,NA,NA,NA,NA,NA,NA,NA,NA,5.5,NA,NA,NA,5.1,NA,NA,NA,NA,5.8,NA,NA,NA,NA,NA,6.7,NA,NA,NA,NA,8.3,NA,NA,NA,6.3,NA,NA,7.3,NA,NA,NA
ISO_BGD,Income share held by lowest 20%,SI.DST.FRST.20,NA,NA,NA,NA,NA,NA,NA,NA,NA,NA,NA,NA,NA,NA,NA,NA,NA,NA,NA,NA,NA,NA,NA,9.7,NA,10,NA,NA,9.4,NA,NA,9.6,NA,NA,NA,8.8,NA,NA,NA,NA,8.6,NA,NA,NA,NA,8.8,NA,NA,NA,NA,8.9,NA,NA,NA,NA,NA,8.6,NA,NA,NA,NA,NA,8.2,NA,NA
ISO_BGR,Income share held by lowest 20%,SI.DST.FRST.20,NA,NA,NA,NA,NA,NA,NA,NA,NA,NA,NA,NA,NA,NA,NA,NA,NA,NA,NA,NA,NA,NA,NA,NA,NA,NA,NA,NA,NA,NA,NA,NA,NA,NA,NA,NA,NA,NA,NA,NA,NA,NA,NA,NA,NA,NA,5.7,6.5,6.9,6.8,6.3,6.4,6.2,5.7,6,5.3,5.4,5.7,5.7,5.7,6.1,6.1,NA,NA,NA
ISO_BHR,Income share held by lowest 20%,SI.DST.FRST.20,NA,NA,NA,NA,NA,NA,NA,NA,NA,NA,NA,NA,NA,NA,NA,NA,NA,NA,NA,NA,NA,NA,NA,NA,NA,NA,NA,NA,NA,NA,NA,NA,NA,NA,NA,NA,NA,NA,NA,NA,NA,NA,NA,NA,NA,NA,NA,NA,NA,NA,NA,NA,NA,NA,NA,NA,NA,NA,NA,NA,NA,NA,NA,NA,NA
ISO_BHS,Income share held by lowest 20%,SI.DST.FRST.20,NA,NA,NA,NA,NA,NA,NA,NA,NA,NA,NA,NA,NA,NA,NA,NA,NA,NA,NA,NA,NA,NA,NA,NA,NA,NA,NA,NA,NA,NA,NA,NA,NA,NA,NA,NA,NA,NA,NA,NA,NA,NA,NA,NA,NA,NA,NA,NA,NA,NA,NA,NA,NA,NA,NA,NA,NA,NA,NA,NA,NA,NA,NA,NA,NA
ISO_BIH,Income share held by lowest 20%,SI.DST.FRST.20,NA,NA,NA,NA,NA,NA,NA,NA,NA,NA,NA,NA,NA,NA,NA,NA,NA,NA,NA,NA,NA,NA,NA,NA,NA,NA,NA,NA,NA,NA,NA,NA,NA,NA,NA,NA,NA,NA,NA,NA,NA,8.8,NA,NA,7.4,NA,NA,7.5,NA,NA,NA,7.5,NA,NA,NA,NA,NA,NA,NA,NA,NA,NA,NA,NA,NA
ISO_BLR,Income share held by lowest 20%,SI.DST.FRST.20,NA,NA,NA,NA,NA,NA,NA,NA,NA,NA,NA,NA,NA,NA,NA,NA,NA,NA,NA,NA,NA,NA,NA,NA,NA,NA,NA,NA,NA,NA,NA,NA,NA,NA,NA,NA,NA,NA,7.9,7.6,7.9,8.2,8.3,8.6,9.4,8.9,8.8,8.6,9,9.1,8.8,9.2,9.5,9.5,9.3,9.7,9.9,9.9,10.1,10,10.3,NA,NA,NA,NA
ISO_BLZ,Income share held by lowest 20%,SI.DST.FRST.20,NA,NA,NA,NA,NA,NA,NA,NA,NA,NA,NA,NA,NA,NA,NA,NA,NA,NA,NA,NA,NA,NA,NA,NA,NA,NA,NA,NA,NA,NA,NA,NA,NA,3,3.1,NA,3.3,2.6,3.3,3.2,NA,NA,NA,NA,NA,NA,NA,NA,NA,NA,NA,NA,NA,NA,NA,NA,NA,NA,NA,NA,NA,NA,NA,NA,NA
ISO_BMU,Income share held by lowest 20%,SI.DST.FRST.20,NA,NA,NA,NA,NA,NA,NA,NA,NA,NA,NA,NA,NA,NA,NA,NA,NA,NA,NA,NA,NA,NA,NA,NA,NA,NA,NA,NA,NA,NA,NA,NA,NA,NA,NA,NA,NA,NA,NA,NA,NA,NA,NA,NA,NA,NA,NA,NA,NA,NA,NA,NA,NA,NA,NA,NA,NA,NA,NA,NA,NA,NA,NA,NA,NA
ISO_BOL,Income share held by lowest 20%,SI.DST.FRST.20,NA,NA,NA,NA,NA,NA,NA,NA,NA,NA,NA,NA,NA,NA,NA,NA,NA,NA,NA,NA,NA,NA,NA,NA,NA,NA,NA,NA,NA,NA,5.6,NA,4.6,NA,NA,NA,NA,2,NA,1.3,1.1,1.9,1.7,NA,3.1,2,2.3,2.9,3.2,3.2,NA,3.8,3.4,3.6,3.8,3.9,3.7,3.9,4.5,5.1,4.7,5.3,NA,NA,NA
ISO_BRA,Income share held by lowest 20%,SI.DST.FRST.20,NA,NA,NA,NA,NA,NA,NA,NA,NA,NA,NA,NA,NA,NA,NA,NA,NA,NA,NA,NA,NA,2.7,2.6,2.6,2.7,2.9,2.7,2.4,2.1,2,2.3,NA,2.8,2.4,NA,2.4,2.2,2.3,2.4,2.5,NA,2.5,2.6,2.6,2.9,2.9,3,3,3.2,3.2,NA,3.3,3.4,3.5,3.6,3.6,3.3,3.2,3.1,3.1,4.5,3.3,3.6,NA,NA
ISO_BRB,Income share held by lowest 20%,SI.DST.FRST.20,NA,NA,NA,NA,NA,NA,NA,NA,NA,NA,NA,NA,NA,NA,NA,NA,NA,NA,NA,NA,NA,NA,NA,NA,NA,NA,NA,NA,NA,NA,NA,NA,NA,NA,NA,NA,NA,NA,NA,NA,NA,NA,NA,NA,NA,NA,NA,NA,NA,NA,NA,NA,NA,NA,NA,NA,NA,NA,NA,NA,NA,NA,NA,NA,NA
ISO_BRN,Income share held by lowest 20%,SI.DST.FRST.20,NA,NA,NA,NA,NA,NA,NA,NA,NA,NA,NA,NA,NA,NA,NA,NA,NA,NA,NA,NA,NA,NA,NA,NA,NA,NA,NA,NA,NA,NA,NA,NA,NA,NA,NA,NA,NA,NA,NA,NA,NA,NA,NA,NA,NA,NA,NA,NA,NA,NA,NA,NA,NA,NA,NA,NA,NA,NA,NA,NA,NA,NA,NA,NA,NA
ISO_BTN,Income share held by lowest 20%,SI.DST.FRST.20,NA,NA,NA,NA,NA,NA,NA,NA,NA,NA,NA,NA,NA,NA,NA,NA,NA,NA,NA,NA,NA,NA,NA,NA,NA,NA,NA,NA,NA,NA,NA,NA,NA,NA,NA,NA,NA,NA,NA,NA,NA,NA,NA,6.5,NA,NA,NA,6.7,NA,NA,NA,NA,6.7,NA,NA,NA,NA,6.7,NA,NA,NA,NA,8.8,NA,NA
ISO_BWA,Income share held by lowest 20%,SI.DST.FRST.20,NA,NA,NA,NA,NA,NA,NA,NA,NA,NA,NA,NA,NA,NA,NA,NA,NA,NA,NA,NA,NA,NA,NA,NA,NA,3.6,NA,NA,NA,NA,NA,NA,NA,3,NA,NA,NA,NA,NA,NA,NA,NA,2.3,NA,NA,NA,NA,NA,NA,2.8,NA,NA,NA,NA,NA,3.9,NA,NA,NA,NA,NA,NA,NA,NA,NA
ISO_CAF,Income share held by lowest 20%,SI.DST.FRST.20,NA,NA,NA,NA,NA,NA,NA,NA,NA,NA,NA,NA,NA,NA,NA,NA,NA,NA,NA,NA,NA,NA,NA,NA,NA,NA,NA,NA,NA,NA,NA,NA,2,NA,NA,NA,NA,NA,NA,NA,NA,NA,NA,NA,NA,NA,NA,NA,3.3,NA,NA,NA,NA,NA,NA,NA,NA,NA,NA,NA,NA,5.6,NA,NA,NA
ISO_CAN,Income share held by lowest 20%,SI.DST.FRST.20,NA,NA,NA,NA,NA,NA,NA,NA,NA,NA,NA,5.6,NA,6.3,NA,6.5,NA,6.6,NA,6.7,NA,7,7,NA,6.8,6.9,7.3,7.4,7.6,7.5,7.3,7.2,7.4,7.2,7.4,7.3,7.3,7.3,7.2,7.1,7.1,7.1,7.1,7,7,7.1,7.1,7.2,7.1,7,7.2,7.4,6.9,6.7,7.1,6.9,7.3,7.1,7.4,7.6,NA,NA,NA,NA,NA
ISO_CEB,Income share held by lowest 20%,SI.DST.FRST.20,NA,NA,NA,NA,NA,NA,NA,NA,NA,NA,NA,NA,NA,NA,NA,NA,NA,NA,NA,NA,NA,NA,NA,NA,NA,NA,NA,NA,NA,NA,NA,NA,NA,NA,NA,NA,NA,NA,NA,NA,NA,NA,NA,NA,NA,NA,NA,NA,NA,NA,NA,NA,NA,NA,NA,NA,NA,NA,NA,NA,NA,NA,NA,NA,NA
ISO_CHE,Income share held by lowest 20%,SI.DST.FRST.20,NA,NA,NA,NA,NA,NA,NA,NA,NA,NA,NA,NA,NA,NA,NA,NA,NA,NA,NA,NA,NA,NA,7.4,NA,NA,NA,NA,NA,NA,NA,NA,NA,7.5,NA,NA,NA,NA,NA,NA,NA,7.8,NA,8.1,NA,NA,NA,7.4,7.4,7.5,7.8,7.8,7.9,8.1,7.9,7.8,7.8,7.6,7.7,7.5,7.4,7.5,NA,NA,NA,NA
ISO_CHI,Income share held by lowest 20%,SI.DST.FRST.20,NA,NA,NA,NA,NA,NA,NA,NA,NA,NA,NA,NA,NA,NA,NA,NA,NA,NA,NA,NA,NA,NA,NA,NA,NA,NA,NA,NA,NA,NA,NA,NA,NA,NA,NA,NA,NA,NA,NA,NA,NA,NA,NA,NA,NA,NA,NA,NA,NA,NA,NA,NA,NA,NA,NA,NA,NA,NA,NA,NA,NA,NA,NA,NA,NA
ISO_CHL,Income share held by lowest 20%,SI.DST.FRST.20,NA,NA,NA,NA,NA,NA,NA,NA,NA,NA,NA,NA,NA,NA,NA,NA,NA,NA,NA,NA,NA,NA,NA,NA,NA,NA,NA,3.3,NA,NA,3.4,NA,3.8,NA,3.5,NA,3.6,NA,3.5,NA,3.8,NA,NA,4,NA,NA,4.9,NA,NA,5.1,NA,5.2,NA,5.4,NA,5.6,NA,5.6,NA,NA,4.9,NA,5.9,NA,NA
ISO_CHN,Income share held by lowest 20%,SI.DST.FRST.20,NA,NA,NA,NA,NA,NA,NA,NA,NA,NA,NA,NA,NA,NA,NA,NA,NA,NA,NA,NA,NA,NA,NA,NA,NA,NA,NA,NA,NA,NA,8.3,NA,NA,7.9,NA,NA,7.4,NA,NA,6.5,NA,NA,5.7,NA,NA,5.9,NA,NA,5.2,NA,5.1,5.4,5.3,6.2,6.2,6.4,6.5,6.4,6.5,6.7,7.2,NA,NA,NA,NA
ISO_CIV,Income share held by lowest 20%,SI.DST.FRST.20,NA,NA,NA,NA,NA,NA,NA,NA,NA,NA,NA,NA,NA,NA,NA,NA,NA,NA,NA,NA,NA,NA,NA,NA,NA,4.9,6.9,6.3,6.8,NA,NA,NA,6,NA,NA,6.6,NA,NA,6.4,NA,NA,NA,6.1,NA,NA,NA,NA,NA,5.1,NA,NA,NA,NA,NA,NA,5.7,NA,NA,7,NA,NA,7.6,NA,NA,NA
ISO_CMR,Income share held by lowest 20%,SI.DST.FRST.20,NA,NA,NA,NA,NA,NA,NA,NA,NA,NA,NA,NA,NA,NA,NA,NA,NA,NA,NA,NA,NA,NA,NA,NA,NA,NA,NA,NA,NA,NA,NA,NA,NA,NA,NA,NA,6.1,NA,NA,NA,NA,6.2,NA,NA,NA,NA,NA,5.8,NA,NA,NA,NA,NA,NA,4.5,NA,NA,NA,NA,NA,NA,5.4,NA,NA,NA
ISO_COD,Income share held by lowest 20%,SI.DST.FRST.20,NA,NA,NA,NA,NA,NA,NA,NA,NA,NA,NA,NA,NA,NA,NA,NA,NA,NA,NA,NA,NA,NA,NA,NA,NA,NA,NA,NA,NA,NA,NA,NA,NA,NA,NA,NA,NA,NA,NA,NA,NA,NA,NA,NA,5.7,NA,NA,NA,NA,NA,NA,NA,5.5,NA,NA,NA,NA,NA,NA,NA,5.4,NA,NA,NA,NA
ISO_COG,Income share held by lowest 20%,SI.DST.FRST.20,NA,NA,NA,NA,NA,NA,NA,NA,NA,NA,NA,NA,NA,NA,NA,NA,NA,NA,NA,NA,NA,NA,NA,NA,NA,NA,NA,NA,NA,NA,NA,NA,NA,NA,NA,NA,NA,NA,NA,NA,NA,NA,NA,NA,NA,4.9,NA,NA,NA,NA,NA,4.2,NA,NA,NA,NA,NA,NA,NA,NA,NA,NA,NA,NA,NA
ISO_COL,Income share held by lowest 20%,SI.DST.FRST.20,NA,NA,NA,NA,NA,NA,NA,NA,NA,NA,NA,NA,NA,NA,NA,NA,NA,NA,NA,NA,2.6,NA,NA,NA,NA,NA,NA,NA,3.3,3.5,NA,3.6,3.7,NA,NA,NA,2.4,NA,NA,2,1.9,2.4,3.2,3.5,3.5,3.6,NA,NA,3,3.3,3.3,3.5,3.5,3.5,3.6,3.8,3.9,4.1,4,3.7,3.1,3.1,3.2,NA,NA
ISO_COM,Income share held by lowest 20%,SI.DST.FRST.20,NA,NA,NA,NA,NA,NA,NA,NA,NA,NA,NA,NA,NA,NA,NA,NA,NA,NA,NA,NA,NA,NA,NA,NA,NA,NA,NA,NA,NA,NA,NA,NA,NA,NA,NA,NA,NA,NA,NA,NA,NA,NA,NA,NA,4,NA,NA,NA,NA,NA,NA,NA,NA,NA,4.5,NA,NA,NA,NA,NA,NA,NA,NA,NA,NA
ISO_CPV,Income share held by lowest 20%,SI.DST.FRST.20,NA,NA,NA,NA,NA,NA,NA,NA,NA,NA,NA,NA,NA,NA,NA,NA,NA,NA,NA,NA,NA,NA,NA,NA,NA,NA,NA,NA,NA,NA,NA,NA,NA,NA,NA,NA,NA,NA,NA,NA,NA,4.2,NA,NA,NA,NA,NA,5,NA,NA,NA,NA,NA,NA,NA,5.7,NA,NA,NA,NA,NA,NA,NA,NA,NA
ISO_CRI,Income share held by lowest 20%,SI.DST.FRST.20,NA,NA,NA,NA,NA,NA,NA,NA,NA,NA,NA,NA,NA,NA,NA,NA,NA,NA,NA,NA,NA,3.3,NA,NA,NA,NA,5.2,NA,NA,3.7,3.8,3.6,4,3.9,4,4,3.8,4.2,4.3,3.9,3.9,3.5,3.5,3.7,4,4.2,4.1,4.3,4.3,4,4.4,4.2,4.2,4.1,4.2,4.3,4.2,4.4,4.3,4.4,4,4.3,4.5,NA,NA
ISO_CSS,Income share held by lowest 20%,SI.DST.FRST.20,NA,NA,NA,NA,NA,NA,NA,NA,NA,NA,NA,NA,NA,NA,NA,NA,NA,NA,NA,NA,NA,NA,NA,NA,NA,NA,NA,NA,NA,NA,NA,NA,NA,NA,NA,NA,NA,NA,NA,NA,NA,NA,NA,NA,NA,NA,NA,NA,NA,NA,NA,NA,NA,NA,NA,NA,NA,NA,NA,NA,NA,NA,NA,NA,NA
ISO_CUB,Income share held by lowest 20%,SI.DST.FRST.20,NA,NA,NA,NA,NA,NA,NA,NA,NA,NA,NA,NA,NA,NA,NA,NA,NA,NA,NA,NA,NA,NA,NA,NA,NA,NA,NA,NA,NA,NA,NA,NA,NA,NA,NA,NA,NA,NA,NA,NA,NA,NA,NA,NA,NA,NA,NA,NA,NA,NA,NA,NA,NA,NA,NA,NA,NA,NA,NA,NA,NA,NA,NA,NA,NA
ISO_CUW,Income share held by lowest 20%,SI.DST.FRST.20,NA,NA,NA,NA,NA,NA,NA,NA,NA,NA,NA,NA,NA,NA,NA,NA,NA,NA,NA,NA,NA,NA,NA,NA,NA,NA,NA,NA,NA,NA,NA,NA,NA,NA,NA,NA,NA,NA,NA,NA,NA,NA,NA,NA,NA,NA,NA,NA,NA,NA,NA,NA,NA,NA,NA,NA,NA,NA,NA,NA,NA,NA,NA,NA,NA
ISO_CYM,Income share held by lowest 20%,SI.DST.FRST.20,NA,NA,NA,NA,NA,NA,NA,NA,NA,NA,NA,NA,NA,NA,NA,NA,NA,NA,NA,NA,NA,NA,NA,NA,NA,NA,NA,NA,NA,NA,NA,NA,NA,NA,NA,NA,NA,NA,NA,NA,NA,NA,NA,NA,NA,NA,NA,NA,NA,NA,NA,NA,NA,NA,NA,NA,NA,NA,NA,NA,NA,NA,NA,NA,NA
ISO_CYP,Income share held by lowest 20%,SI.DST.FRST.20,NA,NA,NA,NA,NA,NA,NA,NA,NA,NA,NA,NA,NA,NA,NA,NA,NA,NA,NA,NA,NA,NA,NA,NA,NA,NA,NA,NA,NA,NA,NA,NA,NA,NA,NA,NA,NA,NA,NA,NA,NA,NA,NA,NA,8.8,8.9,8.8,8.7,8.6,8.5,8.6,8.4,8,7.7,7.6,7.8,8.2,8.4,8.4,8.5,8.5,8.5,NA,NA,NA
ISO_CZE,Income share held by lowest 20%,SI.DST.FRST.20,NA,NA,NA,NA,NA,NA,NA,NA,NA,NA,NA,NA,NA,NA,NA,NA,NA,NA,NA,NA,NA,NA,NA,NA,NA,NA,NA,NA,NA,NA,NA,NA,11.7,10.4,NA,NA,9.8,NA,NA,NA,NA,NA,9.5,NA,9,9.3,9.3,9.7,9.8,9.6,9.4,9.3,9.6,9.4,9.7,9.7,10,10.2,10.2,10.1,9.8,9.7,NA,NA,NA
ISO_DEU,Income share held by lowest 20%,SI.DST.FRST.20,NA,NA,NA,NA,NA,NA,NA,NA,NA,NA,NA,NA,NA,NA,NA,NA,NA,NA,NA,NA,NA,NA,NA,NA,NA,NA,NA,NA,NA,NA,NA,8.8,8.9,9,8.5,8.6,9,8.8,9,8.8,8.8,8.6,8.6,8.5,8.5,8.2,8.3,8.4,8.4,8.3,8.4,8.4,8.2,8.2,8.1,8,7.9,7.6,7.9,7.9,NA,NA,NA,NA,NA
ISO_DJI,Income share held by lowest 20%,SI.DST.FRST.20,NA,NA,NA,NA,NA,NA,NA,NA,NA,NA,NA,NA,NA,NA,NA,NA,NA,NA,NA,NA,NA,NA,NA,NA,NA,NA,NA,NA,NA,NA,NA,NA,NA,NA,NA,NA,NA,NA,NA,NA,NA,NA,6,NA,NA,NA,NA,NA,NA,NA,NA,NA,4.3,4.9,NA,NA,NA,5.4,NA,NA,NA,NA,NA,NA,NA
ISO_DMA,Income share held by lowest 20%,SI.DST.FRST.20,NA,NA,NA,NA,NA,NA,NA,NA,NA,NA,NA,NA,NA,NA,NA,NA,NA,NA,NA,NA,NA,NA,NA,NA,NA,NA,NA,NA,NA,NA,NA,NA,NA,NA,NA,NA,NA,NA,NA,NA,NA,NA,NA,NA,NA,NA,NA,NA,NA,NA,NA,NA,NA,NA,NA,NA,NA,NA,NA,NA,NA,NA,NA,NA,NA
ISO_DNK,Income share held by lowest 20%,SI.DST.FRST.20,NA,NA,NA,NA,NA,NA,NA,NA,NA,NA,NA,NA,NA,NA,NA,NA,NA,NA,NA,NA,NA,NA,NA,NA,NA,NA,NA,9.4,NA,NA,NA,NA,9.8,NA,NA,10.7,NA,NA,NA,NA,10.4,NA,NA,9.8,9.9,9.8,9.8,9.8,9.8,9.2,9.3,9.4,9.3,9.1,9.1,9.4,9.2,9.1,9.3,9.5,9.4,9.2,NA,NA,NA
ISO_DOM,Income share held by lowest 20%,SI.DST.FRST.20,NA,NA,NA,NA,NA,NA,NA,NA,NA,NA,NA,NA,NA,NA,NA,NA,NA,NA,NA,NA,NA,NA,NA,NA,NA,NA,3.9,NA,NA,4.2,NA,NA,4.3,NA,NA,NA,4.3,4,NA,NA,3.7,4.1,3.8,3.8,3.9,4.1,3.9,4.4,4.6,4.5,4.6,4.7,4.9,4.8,5.1,5,4.9,5.9,5.8,6,6.2,6.5,6.6,NA,NA
ISO_DZA,Income share held by lowest 20%,SI.DST.FRST.20,NA,NA,NA,NA,NA,NA,NA,NA,NA,NA,NA,NA,NA,NA,NA,NA,NA,NA,NA,NA,NA,NA,NA,NA,NA,NA,NA,NA,6.5,NA,NA,NA,NA,NA,NA,7,NA,NA,NA,NA,NA,NA,NA,NA,NA,NA,NA,NA,NA,NA,NA,9.4,NA,NA,NA,NA,NA,NA,NA,NA,NA,NA,NA,NA,NA
ISO_EAP,Income share held by lowest 20%,SI.DST.FRST.20,NA,NA,NA,NA,NA,NA,NA,NA,NA,NA,NA,NA,NA,NA,NA,NA,NA,NA,NA,NA,NA,NA,NA,NA,NA,NA,NA,NA,NA,NA,NA,NA,NA,NA,NA,NA,NA,NA,NA,NA,NA,NA,NA,NA,NA,NA,NA,NA,NA,NA,NA,NA,NA,NA,NA,NA,NA,NA,NA,NA,NA,NA,NA,NA,NA
ISO_EAR,Income share held by lowest 20%,SI.DST.FRST.20,NA,NA,NA,NA,NA,NA,NA,NA,NA,NA,NA,NA,NA,NA,NA,NA,NA,NA,NA,NA,NA,NA,NA,NA,NA,NA,NA,NA,NA,NA,NA,NA,NA,NA,NA,NA,NA,NA,NA,NA,NA,NA,NA,NA,NA,NA,NA,NA,NA,NA,NA,NA,NA,NA,NA,NA,NA,NA,NA,NA,NA,NA,NA,NA,NA
ISO_EAS,Income share held by lowest 20%,SI.DST.FRST.20,NA,NA,NA,NA,NA,NA,NA,NA,NA,NA,NA,NA,NA,NA,NA,NA,NA,NA,NA,NA,NA,NA,NA,NA,NA,NA,NA,NA,NA,NA,NA,NA,NA,NA,NA,NA,NA,NA,NA,NA,NA,NA,NA,NA,NA,NA,NA,NA,NA,NA,NA,NA,NA,NA,NA,NA,NA,NA,NA,NA,NA,NA,NA,NA,NA
ISO_ECA,Income share held by lowest 20%,SI.DST.FRST.20,NA,NA,NA,NA,NA,NA,NA,NA,NA,NA,NA,NA,NA,NA,NA,NA,NA,NA,NA,NA,NA,NA,NA,NA,NA,NA,NA,NA,NA,NA,NA,NA,NA,NA,NA,NA,NA,NA,NA,NA,NA,NA,NA,NA,NA,NA,NA,NA,NA,NA,NA,NA,NA,NA,NA,NA,NA,NA,NA,NA,NA,NA,NA,NA,NA
ISO_ECS,Income share held by lowest 20%,SI.DST.FRST.20,NA,NA,NA,NA,NA,NA,NA,NA,NA,NA,NA,NA,NA,NA,NA,NA,NA,NA,NA,NA,NA,NA,NA,NA,NA,NA,NA,NA,NA,NA,NA,NA,NA,NA,NA,NA,NA,NA,NA,NA,NA,NA,NA,NA,NA,NA,NA,NA,NA,NA,NA,NA,NA,NA,NA,NA,NA,NA,NA,NA,NA,NA,NA,NA,NA
ISO_ECU,Income share held by lowest 20%,SI.DST.FRST.20,NA,NA,NA,NA,NA,NA,NA,NA,NA,NA,NA,NA,NA,NA,NA,NA,NA,NA,NA,NA,NA,NA,NA,NA,NA,NA,NA,3.3,NA,NA,NA,NA,NA,NA,3.2,3.7,NA,NA,3.9,2.6,3,NA,NA,3.3,3.2,3.2,3.7,3.5,3.8,4.1,4.1,4.4,4.3,4.5,4.8,4.6,4.7,4.7,4.6,4.5,4.1,4.6,4.7,NA,NA
ISO_EGY,Income share held by lowest 20%,SI.DST.FRST.20,NA,NA,NA,NA,NA,NA,NA,NA,NA,NA,NA,NA,NA,NA,NA,NA,NA,NA,NA,NA,NA,NA,NA,NA,NA,NA,NA,NA,NA,NA,8.7,NA,NA,NA,NA,9.5,NA,NA,NA,8.9,NA,NA,NA,NA,9,NA,NA,NA,9.2,NA,9.4,NA,9.8,NA,NA,9.1,NA,9,NA,9,NA,NA,NA,NA,NA
ISO_EMU,Income share held by lowest 20%,SI.DST.FRST.20,NA,NA,NA,NA,NA,NA,NA,NA,NA,NA,NA,NA,NA,NA,NA,NA,NA,NA,NA,NA,NA,NA,NA,NA,NA,NA,NA,NA,NA,NA,NA,NA,NA,NA,NA,NA,NA,NA,NA,NA,NA,NA,NA,NA,NA,NA,NA,NA,NA,NA,NA,NA,NA,NA,NA,NA,NA,NA,NA,NA,NA,NA,NA,NA,NA
ISO_ERI,Income share held by lowest 20%,SI.DST.FRST.20,NA,NA,NA,NA,NA,NA,NA,NA,NA,NA,NA,NA,NA,NA,NA,NA,NA,NA,NA,NA,NA,NA,NA,NA,NA,NA,NA,NA,NA,NA,NA,NA,NA,NA,NA,NA,NA,NA,NA,NA,NA,NA,NA,NA,NA,NA,NA,NA,NA,NA,NA,NA,NA,NA,NA,NA,NA,NA,NA,NA,NA,NA,NA,NA,NA
ISO_ESP,Income share held by lowest 20%,SI.DST.FRST.20,NA,NA,NA,NA,NA,NA,NA,NA,NA,NA,NA,NA,NA,NA,NA,NA,NA,NA,NA,NA,6.9,NA,NA,NA,NA,7.2,NA,NA,NA,NA,7.7,NA,NA,6.4,6.5,6.4,6,6.5,6.6,7.1,6.9,NA,NA,7.2,6.9,7,6.7,6.7,6.6,6.3,6.3,6,6.1,5.7,5.7,5.8,5.7,6.2,6.2,6.2,6,6.4,NA,NA,NA
ISO_EST,Income share held by lowest 20%,SI.DST.FRST.20,NA,NA,NA,NA,NA,NA,NA,NA,NA,NA,NA,NA,NA,NA,NA,NA,NA,NA,NA,NA,NA,NA,NA,NA,NA,NA,NA,NA,NA,NA,NA,NA,NA,NA,NA,NA,NA,NA,NA,NA,NA,NA,NA,6.1,7.1,7.4,7.5,8,7.8,7.7,7.2,7.3,7.3,6.8,7,7.5,7.8,8.1,8.1,8.1,8.1,8.1,NA,NA,NA
ISO_ETH,Income share held by lowest 20%,SI.DST.FRST.20,NA,NA,NA,NA,NA,NA,NA,NA,NA,NA,NA,NA,NA,NA,NA,NA,NA,NA,NA,NA,NA,NA,NA,NA,NA,NA,NA,NA,NA,NA,NA,NA,NA,NA,NA,6.3,NA,NA,NA,9.1,NA,NA,NA,NA,9.4,NA,NA,NA,NA,NA,8,NA,NA,NA,NA,7.3,NA,NA,NA,NA,NA,NA,NA,NA,NA
ISO_EUU,Income share held by lowest 20%,SI.DST.FRST.20,NA,NA,NA,NA,NA,NA,NA,NA,NA,NA,NA,NA,NA,NA,NA,NA,NA,NA,NA,NA,NA,NA,NA,NA,NA,NA,NA,NA,NA,NA,NA,NA,NA,NA,NA,NA,NA,NA,NA,NA,NA,NA,NA,NA,NA,NA,NA,NA,NA,NA,NA,NA,NA,NA,NA,NA,NA,NA,NA,NA,NA,NA,NA,NA,NA
ISO_FCS,Income share held by lowest 20%,SI.DST.FRST.20,NA,NA,NA,NA,NA,NA,NA,NA,NA,NA,NA,NA,NA,NA,NA,NA,NA,NA,NA,NA,NA,NA,NA,NA,NA,NA,NA,NA,NA,NA,NA,NA,NA,NA,NA,NA,NA,NA,NA,NA,NA,NA,NA,NA,NA,NA,NA,NA,NA,NA,NA,NA,NA,NA,NA,NA,NA,NA,NA,NA,NA,NA,NA,NA,NA
ISO_FIN,Income share held by lowest 20%,SI.DST.FRST.20,NA,NA,NA,NA,NA,NA,NA,NA,NA,NA,NA,NA,NA,NA,NA,NA,NA,NA,NA,NA,NA,NA,NA,NA,NA,NA,NA,10.8,NA,NA,NA,10.7,NA,NA,NA,10.8,NA,NA,NA,NA,9.6,NA,NA,9.4,9.4,9.5,9.2,9.2,9.3,9.3,9.2,9.3,9.4,9.3,9.4,9.4,9.4,9.4,9.3,9.2,9.5,9.3,NA,NA,NA
ISO_FJI,Income share held by lowest 20%,SI.DST.FRST.20,NA,NA,NA,NA,NA,NA,NA,NA,NA,NA,NA,NA,NA,NA,NA,NA,NA,NA,NA,NA,NA,NA,NA,NA,NA,NA,NA,NA,NA,NA,NA,NA,NA,NA,NA,NA,NA,NA,NA,NA,NA,NA,6.7,NA,NA,NA,NA,NA,6.6,NA,NA,NA,NA,7.5,NA,NA,NA,NA,NA,8.4,NA,NA,NA,NA,NA
ISO_FRA,Income share held by lowest 20%,SI.DST.FRST.20,NA,NA,NA,NA,NA,NA,NA,NA,NA,NA,7,NA,NA,NA,NA,7.1,NA,NA,NA,7.4,NA,NA,NA,NA,7.5,NA,NA,NA,NA,NA,7.9,NA,NA,NA,NA,NA,7.5,7.6,7.8,7.7,7.6,7.7,8,8.2,8.4,8.6,8.5,8.1,7.9,7.7,7.7,7.8,7.8,8,8,7.9,8,8.1,8,7.8,8,7.7,NA,NA,NA
ISO_FRO,Income share held by lowest 20%,SI.DST.FRST.20,NA,NA,NA,NA,NA,NA,NA,NA,NA,NA,NA,NA,NA,NA,NA,NA,NA,NA,NA,NA,NA,NA,NA,NA,NA,NA,NA,NA,NA,NA,NA,NA,NA,NA,NA,NA,NA,NA,NA,NA,NA,NA,NA,NA,NA,NA,NA,NA,NA,NA,NA,NA,NA,NA,NA,NA,NA,NA,NA,NA,NA,NA,NA,NA,NA
ISO_FSM,Income share held by lowest 20%,SI.DST.FRST.20,NA,NA,NA,NA,NA,NA,NA,NA,NA,NA,NA,NA,NA,NA,NA,NA,NA,NA,NA,NA,NA,NA,NA,NA,NA,NA,NA,NA,NA,NA,NA,NA,NA,NA,NA,NA,NA,NA,NA,NA,NA,NA,NA,NA,NA,5.6,NA,NA,NA,NA,NA,NA,NA,5.5,NA,NA,NA,NA,NA,NA,NA,NA,NA,NA,NA
ISO_GAB,Income share held by lowest 20%,SI.DST.FRST.20,NA,NA,NA,NA,NA,NA,NA,NA,NA,NA,NA,NA,NA,NA,NA,NA,NA,NA,NA,NA,NA,NA,NA,NA,NA,NA,NA,NA,NA,NA,NA,NA,NA,NA,NA,NA,NA,NA,NA,NA,NA,NA,NA,NA,NA,5.8,NA,NA,NA,NA,NA,NA,NA,NA,NA,NA,NA,6,NA,NA,NA,NA,NA,NA,NA
ISO_GBR,Income share held by lowest 20%,SI.DST.FRST.20,NA,NA,NA,NA,NA,NA,NA,NA,9.9,9.5,9.5,9.1,8.9,9.3,9.1,9.3,9.4,9.5,9.3,9.4,9.1,8.7,8.6,8.7,8.7,8.5,8.1,7.7,7.7,7.6,7.1,7.2,7.1,7,7,7.1,7.1,7,6.9,6.8,6.7,6.9,7.2,7.3,7.3,7.1,7.1,7.2,7.1,7.2,7.5,7.6,7.6,7.7,7.5,7.5,7.4,7.5,7.3,7.3,7.6,7.6,NA,NA,NA
ISO_GEO,Income share held by lowest 20%,SI.DST.FRST.20,NA,NA,NA,NA,NA,NA,NA,NA,NA,NA,NA,NA,NA,NA,NA,NA,NA,NA,NA,NA,NA,NA,NA,NA,NA,NA,NA,NA,NA,NA,NA,NA,NA,NA,NA,NA,6.1,5.1,5.2,5.4,5.4,5.8,6.3,6.3,6.2,6.2,6.3,6.2,6.1,6.1,5.7,5.6,5.9,6.1,6.4,6.7,6.7,6.3,6.5,6.8,7,7,NA,NA,NA
ISO_GHA,Income share held by lowest 20%,SI.DST.FRST.20,NA,NA,NA,NA,NA,NA,NA,NA,NA,NA,NA,NA,NA,NA,NA,NA,NA,NA,NA,NA,NA,NA,NA,NA,NA,NA,NA,7,7,NA,NA,6.6,NA,NA,NA,NA,NA,NA,5.8,NA,NA,NA,NA,NA,NA,5.2,NA,NA,NA,NA,NA,NA,5.4,NA,NA,NA,4.7,NA,NA,NA,NA,NA,NA,NA,NA
ISO_GIB,Income share held by lowest 20%,SI.DST.FRST.20,NA,NA,NA,NA,NA,NA,NA,NA,NA,NA,NA,NA,NA,NA,NA,NA,NA,NA,NA,NA,NA,NA,NA,NA,NA,NA,NA,NA,NA,NA,NA,NA,NA,NA,NA,NA,NA,NA,NA,NA,NA,NA,NA,NA,NA,NA,NA,NA,NA,NA,NA,NA,NA,NA,NA,NA,NA,NA,NA,NA,NA,NA,NA,NA,NA
ISO_GIN,Income share held by lowest 20%,SI.DST.FRST.20,NA,NA,NA,NA,NA,NA,NA,NA,NA,NA,NA,NA,NA,NA,NA,NA,NA,NA,NA,NA,NA,NA,NA,NA,NA,NA,NA,NA,NA,NA,NA,3,NA,NA,5.2,NA,NA,NA,NA,NA,NA,NA,5.8,NA,NA,NA,NA,6.3,NA,NA,NA,NA,7.6,NA,NA,NA,NA,NA,8.5,NA,NA,NA,NA,NA,NA
ISO_GMB,Income share held by lowest 20%,SI.DST.FRST.20,NA,NA,NA,NA,NA,NA,NA,NA,NA,NA,NA,NA,NA,NA,NA,NA,NA,NA,NA,NA,NA,NA,NA,NA,NA,NA,NA,NA,NA,NA,NA,NA,NA,NA,NA,NA,NA,NA,4.3,NA,NA,NA,NA,4.8,NA,NA,NA,NA,NA,NA,5.7,NA,NA,NA,NA,7.4,NA,NA,NA,NA,6.6,NA,NA,NA,NA
ISO_GNB,Income share held by lowest 20%,SI.DST.FRST.20,NA,NA,NA,NA,NA,NA,NA,NA,NA,NA,NA,NA,NA,NA,NA,NA,NA,NA,NA,NA,NA,NA,NA,NA,NA,NA,NA,NA,NA,NA,NA,NA,NA,5.6,NA,NA,NA,NA,NA,NA,NA,NA,7.2,NA,NA,NA,NA,NA,NA,NA,4.5,NA,NA,NA,NA,NA,NA,NA,7.8,NA,NA,7.9,NA,NA,NA
ISO_GNQ,Income share held by lowest 20%,SI.DST.FRST.20,NA,NA,NA,NA,NA,NA,NA,NA,NA,NA,NA,NA,NA,NA,NA,NA,NA,NA,NA,NA,NA,NA,NA,NA,NA,NA,NA,NA,NA,NA,NA,NA,NA,NA,NA,NA,NA,NA,NA,NA,NA,NA,NA,NA,NA,NA,NA,NA,NA,NA,NA,NA,NA,NA,NA,NA,NA,NA,NA,NA,NA,NA,NA,NA,NA
ISO_GRC,Income share held by lowest 20%,SI.DST.FRST.20,NA,NA,NA,NA,NA,NA,NA,NA,NA,NA,NA,NA,NA,NA,NA,NA,NA,NA,NA,NA,NA,NA,NA,NA,NA,NA,NA,NA,NA,NA,NA,NA,NA,NA,NA,5.9,NA,NA,NA,NA,6.8,NA,NA,7.2,7.1,6.9,6.7,7,7.1,7,6.7,6.1,5.8,5.9,5.9,5.8,6.3,6.6,7.2,7,6.7,7.1,NA,NA,NA
ISO_GRD,Income share held by lowest 20%,SI.DST.FRST.20,NA,NA,NA,NA,NA,NA,NA,NA,NA,NA,NA,NA,NA,NA,NA,NA,NA,NA,NA,NA,NA,NA,NA,NA,NA,NA,NA,NA,NA,NA,NA,NA,NA,NA,NA,NA,NA,NA,NA,NA,NA,NA,NA,NA,NA,NA,NA,NA,NA,NA,NA,NA,NA,NA,NA,NA,NA,NA,5.5,NA,NA,NA,NA,NA,NA
ISO_GRL,Income share held by lowest 20%,SI.DST.FRST.20,NA,NA,NA,NA,NA,NA,NA,NA,NA,NA,NA,NA,NA,NA,NA,NA,NA,NA,NA,NA,NA,NA,NA,NA,NA,NA,NA,NA,NA,NA,NA,NA,NA,NA,NA,NA,NA,NA,NA,NA,NA,NA,NA,NA,NA,NA,NA,NA,NA,NA,NA,NA,NA,NA,NA,NA,NA,NA,NA,NA,NA,NA,NA,NA,NA
ISO_GTM,Income share held by lowest 20%,SI.DST.FRST.20,NA,NA,NA,NA,NA,NA,NA,NA,NA,NA,NA,NA,NA,NA,NA,NA,NA,NA,NA,NA,NA,NA,NA,NA,NA,NA,2.8,NA,NA,2.1,NA,NA,NA,NA,NA,NA,NA,NA,NA,NA,3.5,NA,NA,NA,NA,NA,3.2,NA,NA,NA,NA,NA,NA,NA,4.5,NA,NA,NA,NA,NA,NA,NA,NA,NA,NA
ISO_GUM,Income share held by lowest 20%,SI.DST.FRST.20,NA,NA,NA,NA,NA,NA,NA,NA,NA,NA,NA,NA,NA,NA,NA,NA,NA,NA,NA,NA,NA,NA,NA,NA,NA,NA,NA,NA,NA,NA,NA,NA,NA,NA,NA,NA,NA,NA,NA,NA,NA,NA,NA,NA,NA,NA,NA,NA,NA,NA,NA,NA,NA,NA,NA,NA,NA,NA,NA,NA,NA,NA,NA,NA,NA
ISO_GUY,Income share held by lowest 20%,SI.DST.FRST.20,NA,NA,NA,NA,NA,NA,NA,NA,NA,NA,NA,NA,NA,NA,NA,NA,NA,NA,NA,NA,NA,NA,NA,NA,NA,NA,NA,NA,NA,NA,NA,NA,NA,NA,NA,NA,NA,NA,4.2,NA,NA,NA,NA,NA,NA,NA,NA,NA,NA,NA,NA,NA,NA,NA,NA,NA,NA,NA,NA,NA,NA,NA,NA,NA,NA
ISO_HIC,Income share held by lowest 20%,SI.DST.FRST.20,NA,NA,NA,NA,NA,NA,NA,NA,NA,NA,NA,NA,NA,NA,NA,NA,NA,NA,NA,NA,NA,NA,NA,NA,NA,NA,NA,NA,NA,NA,NA,NA,NA,NA,NA,NA,NA,NA,NA,NA,NA,NA,NA,NA,NA,NA,NA,NA,NA,NA,NA,NA,NA,NA,NA,NA,NA,NA,NA,NA,NA,NA,NA,NA,NA
ISO_HKG,Income share held by lowest 20%,SI.DST.FRST.20,NA,NA,NA,NA,NA,NA,NA,NA,NA,NA,NA,NA,NA,NA,NA,NA,NA,NA,NA,NA,NA,NA,NA,NA,NA,NA,NA,NA,NA,NA,NA,NA,NA,NA,NA,NA,NA,NA,NA,NA,NA,NA,NA,NA,NA,NA,NA,NA,NA,NA,NA,NA,NA,NA,NA,NA,NA,NA,NA,NA,NA,NA,NA,NA,NA
ISO_HND,Income share held by lowest 20%,SI.DST.FRST.20,NA,NA,NA,NA,NA,NA,NA,NA,NA,NA,NA,NA,NA,NA,NA,NA,NA,NA,NA,NA,NA,NA,NA,NA,NA,NA,NA,NA,NA,2.8,2.8,3.7,3.9,3.6,3.1,3.1,2.9,3.5,2.1,2.3,NA,2.5,2.6,2.3,2.3,1.9,2.1,2.8,2.7,3.3,3.1,3,3,3.5,3.7,3.7,3.2,3.4,3.4,3.6,NA,NA,NA,NA,NA
ISO_HPC,Income share held by lowest 20%,SI.DST.FRST.20,NA,NA,NA,NA,NA,NA,NA,NA,NA,NA,NA,NA,NA,NA,NA,NA,NA,NA,NA,NA,NA,NA,NA,NA,NA,NA,NA,NA,NA,NA,NA,NA,NA,NA,NA,NA,NA,NA,NA,NA,NA,NA,NA,NA,NA,NA,NA,NA,NA,NA,NA,NA,NA,NA,NA,NA,NA,NA,NA,NA,NA,NA,NA,NA,NA
ISO_HRV,Income share held by lowest 20%,SI.DST.FRST.20,NA,NA,NA,NA,NA,NA,NA,NA,NA,NA,NA,NA,NA,NA,NA,NA,NA,NA,NA,NA,NA,NA,NA,NA,NA,NA,NA,NA,NA,NA,NA,NA,NA,NA,NA,NA,NA,NA,NA,NA,NA,NA,NA,NA,NA,NA,NA,NA,NA,6.9,6.9,6.9,6.9,7.1,7.1,7.3,7.3,7.4,7.8,8,7.9,8.2,NA,NA,NA
ISO_HTI,Income share held by lowest 20%,SI.DST.FRST.20,NA,NA,NA,NA,NA,NA,NA,NA,NA,NA,NA,NA,NA,NA,NA,NA,NA,NA,NA,NA,NA,NA,NA,NA,NA,NA,NA,NA,NA,NA,NA,NA,NA,NA,NA,NA,NA,NA,NA,NA,NA,NA,NA,NA,NA,NA,NA,NA,NA,NA,NA,NA,5.5,NA,NA,NA,NA,NA,NA,NA,NA,NA,NA,NA,NA
ISO_HUN,Income share held by lowest 20%,SI.DST.FRST.20,NA,NA,NA,NA,NA,NA,NA,NA,NA,NA,NA,NA,NA,NA,NA,NA,NA,NA,NA,NA,NA,NA,NA,NA,NA,NA,NA,NA,NA,NA,NA,NA,NA,NA,NA,NA,NA,NA,NA,NA,NA,NA,NA,NA,8.3,7.1,8.7,8.7,8.8,8.8,8.2,8.1,7.6,7.5,7.6,7.8,8,7.9,8.2,8,8.1,9,NA,NA,NA
ISO_IBD,Income share held by lowest 20%,SI.DST.FRST.20,NA,NA,NA,NA,NA,NA,NA,NA,NA,NA,NA,NA,NA,NA,NA,NA,NA,NA,NA,NA,NA,NA,NA,NA,NA,NA,NA,NA,NA,NA,NA,NA,NA,NA,NA,NA,NA,NA,NA,NA,NA,NA,NA,NA,NA,NA,NA,NA,NA,NA,NA,NA,NA,NA,NA,NA,NA,NA,NA,NA,NA,NA,NA,NA,NA
ISO_IBT,Income share held by lowest 20%,SI.DST.FRST.20,NA,NA,NA,NA,NA,NA,NA,NA,NA,NA,NA,NA,NA,NA,NA,NA,NA,NA,NA,NA,NA,NA,NA,NA,NA,NA,NA,NA,NA,NA,NA,NA,NA,NA,NA,NA,NA,NA,NA,NA,NA,NA,NA,NA,NA,NA,NA,NA,NA,NA,NA,NA,NA,NA,NA,NA,NA,NA,NA,NA,NA,NA,NA,NA,NA
ISO_IDA,Income share held by lowest 20%,SI.DST.FRST.20,NA,NA,NA,NA,NA,NA,NA,NA,NA,NA,NA,NA,NA,NA,NA,NA,NA,NA,NA,NA,NA,NA,NA,NA,NA,NA,NA,NA,NA,NA,NA,NA,NA,NA,NA,NA,NA,NA,NA,NA,NA,NA,NA,NA,NA,NA,NA,NA,NA,NA,NA,NA,NA,NA,NA,NA,NA,NA,NA,NA,NA,NA,NA,NA,NA
ISO_IDB,Income share held by lowest 20%,SI.DST.FRST.20,NA,NA,NA,NA,NA,NA,NA,NA,NA,NA,NA,NA,NA,NA,NA,NA,NA,NA,NA,NA,NA,NA,NA,NA,NA,NA,NA,NA,NA,NA,NA,NA,NA,NA,NA,NA,NA,NA,NA,NA,NA,NA,NA,NA,NA,NA,NA,NA,NA,NA,NA,NA,NA,NA,NA,NA,NA,NA,NA,NA,NA,NA,NA,NA,NA
ISO_IDN,Income share held by lowest 20%,SI.DST.FRST.20,NA,NA,NA,NA,NA,NA,NA,NA,NA,NA,NA,NA,NA,NA,NA,NA,NA,NA,NA,NA,NA,NA,NA,NA,8.1,NA,NA,8.9,NA,NA,8.8,NA,NA,8.7,NA,NA,8.1,NA,8.7,8.9,9.4,9.4,8.8,8.6,8.2,8.2,7.9,7.6,7.7,7.8,7.4,6.9,7,7,7,6.9,6.8,6.7,6.8,7.1,7.1,7,7.3,7.3,NA
ISO_IDX,Income share held by lowest 20%,SI.DST.FRST.20,NA,NA,NA,NA,NA,NA,NA,NA,NA,NA,NA,NA,NA,NA,NA,NA,NA,NA,NA,NA,NA,NA,NA,NA,NA,NA,NA,NA,NA,NA,NA,NA,NA,NA,NA,NA,NA,NA,NA,NA,NA,NA,NA,NA,NA,NA,NA,NA,NA,NA,NA,NA,NA,NA,NA,NA,NA,NA,NA,NA,NA,NA,NA,NA,NA
ISO_IMN,Income share held by lowest 20%,SI.DST.FRST.20,NA,NA,NA,NA,NA,NA,NA,NA,NA,NA,NA,NA,NA,NA,NA,NA,NA,NA,NA,NA,NA,NA,NA,NA,NA,NA,NA,NA,NA,NA,NA,NA,NA,NA,NA,NA,NA,NA,NA,NA,NA,NA,NA,NA,NA,NA,NA,NA,NA,NA,NA,NA,NA,NA,NA,NA,NA,NA,NA,NA,NA,NA,NA,NA,NA
ISO_IND,Income share held by lowest 20%,SI.DST.FRST.20,NA,NA,NA,NA,NA,NA,NA,NA,NA,NA,NA,NA,NA,NA,NA,NA,NA,8.3,NA,NA,NA,NA,NA,8.5,NA,NA,NA,8.7,NA,NA,NA,NA,NA,8.9,NA,NA,NA,NA,NA,NA,NA,NA,NA,NA,8.6,NA,NA,NA,NA,8.4,NA,8.2,NA,NA,NA,8.4,8.4,8.2,8.1,7.7,7.7,7.9,NA,NA,NA
ISO_INX,Income share held by lowest 20%,SI.DST.FRST.20,NA,NA,NA,NA,NA,NA,NA,NA,NA,NA,NA,NA,NA,NA,NA,NA,NA,NA,NA,NA,NA,NA,NA,NA,NA,NA,NA,NA,NA,NA,NA,NA,NA,NA,NA,NA,NA,NA,NA,NA,NA,NA,NA,NA,NA,NA,NA,NA,NA,NA,NA,NA,NA,NA,NA,NA,NA,NA,NA,NA,NA,NA,NA,NA,NA
ISO_IRL,Income share held by lowest 20%,SI.DST.FRST.20,NA,NA,NA,NA,NA,NA,NA,NA,NA,NA,NA,NA,NA,NA,NA,NA,NA,NA,NA,NA,NA,NA,NA,NA,NA,NA,NA,7,NA,NA,NA,NA,NA,NA,7,6.8,7.1,NA,NA,NA,7.8,NA,7.6,7.7,7.6,7.7,7.9,8.2,8.2,7.7,7.6,7.4,7.5,7.3,7.9,8,7.9,8.4,8.7,8.6,9,8.9,NA,NA,NA
ISO_IRN,Income share held by lowest 20%,SI.DST.FRST.20,NA,NA,NA,NA,NA,NA,NA,NA,NA,NA,NA,NA,NA,NA,NA,NA,NA,NA,NA,NA,NA,NA,NA,NA,NA,NA,4.6,NA,NA,NA,5.2,NA,NA,NA,5.5,NA,NA,NA,5.2,NA,NA,NA,NA,NA,NA,5.3,5,NA,NA,5.3,NA,7.3,7.5,7.6,7.2,7.2,7.1,6.9,6.8,6.9,7,7,7.2,NA,NA
ISO_IRQ,Income share held by lowest 20%,SI.DST.FRST.20,NA,NA,NA,NA,NA,NA,NA,NA,NA,NA,NA,NA,NA,NA,NA,NA,NA,NA,NA,NA,NA,NA,NA,NA,NA,NA,NA,NA,NA,NA,NA,NA,NA,NA,NA,NA,NA,NA,NA,NA,NA,NA,NA,NA,NA,NA,9.3,NA,NA,NA,NA,NA,8.8,NA,NA,NA,NA,NA,NA,NA,NA,NA,NA,NA,NA
ISO_ISL,Income share held by lowest 20%,SI.DST.FRST.20,NA,NA,NA,NA,NA,NA,NA,NA,NA,NA,NA,NA,NA,NA,NA,NA,NA,NA,NA,NA,NA,NA,NA,NA,NA,NA,NA,NA,NA,NA,NA,NA,NA,NA,NA,NA,NA,NA,NA,NA,NA,NA,NA,9.5,9.4,9.2,8.9,9.1,8.6,9.1,9.5,9.3,9.3,9.9,9.4,9.5,9.4,9.7,NA,NA,NA,NA,NA,NA,NA
ISO_ISR,Income share held by lowest 20%,SI.DST.FRST.20,NA,NA,NA,NA,NA,NA,NA,NA,NA,NA,NA,NA,NA,NA,NA,NA,NA,NA,NA,6.7,NA,NA,NA,NA,NA,NA,6.5,NA,NA,NA,NA,NA,6.9,NA,NA,NA,NA,6.1,NA,NA,NA,5.9,5.5,5.2,4.8,4.8,4.8,5,4.8,4.6,4.7,4.8,4.8,5.1,5,5,5.1,5.1,5.2,5.2,5.4,5.5,NA,NA,NA
ISO_ITA,Income share held by lowest 20%,SI.DST.FRST.20,NA,NA,NA,NA,NA,NA,NA,NA,NA,NA,NA,NA,NA,NA,NA,NA,NA,7.2,7.3,7.2,7.6,7.9,8.4,8.2,7.7,NA,7.8,6.7,NA,7.7,NA,7.7,NA,6.1,NA,6.3,NA,NA,5.9,NA,6.3,NA,6.4,6.7,6.8,6.8,6.9,7.1,6.9,6.7,6.4,6.4,6.3,6.2,6.2,5.9,6.1,6,6.1,6.3,6.3,6.5,NA,NA,NA
ISO_JAM,Income share held by lowest 20%,SI.DST.FRST.20,NA,NA,NA,NA,NA,NA,NA,NA,NA,NA,NA,NA,NA,NA,NA,NA,NA,NA,NA,NA,NA,NA,NA,NA,NA,NA,NA,NA,5.4,NA,6.1,NA,NA,6.8,NA,NA,6.4,NA,NA,5.5,NA,NA,4.8,NA,5.3,NA,NA,NA,NA,NA,NA,NA,NA,NA,NA,NA,NA,NA,7.2,NA,NA,5.7,NA,NA,NA
ISO_JOR,Income share held by lowest 20%,SI.DST.FRST.20,NA,NA,NA,NA,NA,NA,NA,NA,NA,NA,NA,NA,NA,NA,NA,NA,NA,NA,NA,NA,NA,NA,NA,NA,NA,NA,7.3,NA,NA,NA,NA,NA,6,NA,NA,NA,NA,7.6,NA,NA,NA,NA,7.2,NA,NA,NA,8,NA,8.4,NA,8.2,NA,NA,NA,NA,NA,NA,NA,NA,NA,NA,NA,NA,NA,NA
ISO_JPN,Income share held by lowest 20%,SI.DST.FRST.20,NA,NA,NA,NA,NA,NA,NA,NA,NA,NA,NA,NA,NA,NA,NA,NA,NA,NA,NA,NA,NA,NA,NA,NA,NA,NA,NA,NA,NA,NA,NA,NA,NA,NA,NA,NA,NA,NA,NA,NA,NA,NA,NA,NA,NA,NA,NA,NA,6.4,NA,8.2,NA,NA,7.7,NA,NA,NA,NA,NA,NA,NA,NA,NA,NA,NA
ISO_KAZ,Income share held by lowest 20%,SI.DST.FRST.20,NA,NA,NA,NA,NA,NA,NA,NA,NA,NA,NA,NA,NA,NA,NA,NA,NA,NA,NA,NA,NA,NA,NA,NA,NA,NA,NA,NA,NA,NA,NA,NA,NA,NA,NA,NA,6.9,NA,NA,NA,NA,6.7,7.3,7.5,8.2,5.9,8.9,8.9,9.5,9.4,9.5,9.5,9.4,9.8,9.9,10,9.8,9.8,9.8,9.8,9.8,9.8,NA,NA,NA
ISO_KEN,Income share held by lowest 20%,SI.DST.FRST.20,NA,NA,NA,NA,NA,NA,NA,NA,NA,NA,NA,NA,NA,NA,NA,NA,NA,NA,NA,NA,NA,NA,NA,NA,NA,NA,NA,NA,NA,NA,NA,NA,3.4,NA,5.2,NA,NA,5.6,NA,NA,NA,NA,NA,NA,NA,5,NA,NA,NA,NA,NA,NA,NA,NA,NA,6.2,NA,NA,NA,NA,7.3,7.2,NA,NA,NA
ISO_KGZ,Income share held by lowest 20%,SI.DST.FRST.20,NA,NA,NA,NA,NA,NA,NA,NA,NA,NA,NA,NA,NA,NA,NA,NA,NA,NA,NA,NA,NA,NA,NA,NA,NA,NA,NA,NA,NA,NA,NA,NA,NA,NA,NA,NA,NA,NA,NA,NA,8.6,8.8,8.6,9.3,7.7,8.4,7.3,7.6,8.4,9.1,8.7,9.7,9.6,9.3,10,9.5,10,9.9,9.9,9.6,9.4,9.5,NA,NA,NA
ISO_KHM,Income share held by lowest 20%,SI.DST.FRST.20,NA,NA,NA,NA,NA,NA,NA,NA,NA,NA,NA,NA,NA,NA,NA,NA,NA,NA,NA,NA,NA,NA,NA,NA,NA,NA,NA,NA,NA,NA,NA,NA,NA,NA,NA,NA,NA,NA,NA,NA,NA,NA,NA,NA,NA,NA,NA,NA,NA,NA,NA,NA,NA,NA,NA,NA,NA,NA,NA,NA,NA,NA,NA,NA,NA
ISO_KIR,Income share held by lowest 20%,SI.DST.FRST.20,NA,NA,NA,NA,NA,NA,NA,NA,NA,NA,NA,NA,NA,NA,NA,NA,NA,NA,NA,NA,NA,NA,NA,NA,NA,NA,NA,NA,NA,NA,NA,NA,NA,NA,NA,NA,NA,NA,NA,NA,NA,NA,NA,NA,NA,NA,6.6,NA,NA,NA,NA,NA,NA,NA,NA,NA,NA,NA,NA,9.5,NA,NA,NA,NA,NA
ISO_KNA,Income share held by lowest 20%,SI.DST.FRST.20,NA,NA,NA,NA,NA,NA,NA,NA,NA,NA,NA,NA,NA,NA,NA,NA,NA,NA,NA,NA,NA,NA,NA,NA,NA,NA,NA,NA,NA,NA,NA,NA,NA,NA,NA,NA,NA,NA,NA,NA,NA,NA,NA,NA,NA,NA,NA,NA,NA,NA,NA,NA,NA,NA,NA,NA,NA,NA,NA,NA,NA,NA,NA,NA,NA
ISO_KOR,Income share held by lowest 20%,SI.DST.FRST.20,NA,NA,NA,NA,NA,NA,NA,NA,NA,NA,NA,NA,NA,NA,NA,NA,NA,NA,NA,NA,NA,NA,NA,NA,NA,NA,NA,NA,NA,NA,NA,NA,NA,NA,NA,NA,NA,NA,NA,NA,NA,NA,NA,NA,NA,NA,7.3,NA,7.2,NA,7.3,NA,7.3,NA,7.5,NA,7.5,NA,NA,NA,NA,NA,NA,NA,NA
ISO_KWT,Income share held by lowest 20%,SI.DST.FRST.20,NA,NA,NA,NA,NA,NA,NA,NA,NA,NA,NA,NA,NA,NA,NA,NA,NA,NA,NA,NA,NA,NA,NA,NA,NA,NA,NA,NA,NA,NA,NA,NA,NA,NA,NA,NA,NA,NA,NA,NA,NA,NA,NA,NA,NA,NA,NA,NA,NA,NA,NA,NA,NA,NA,NA,NA,NA,NA,NA,NA,NA,NA,NA,NA,NA
ISO_LAC,Income share held by lowest 20%,SI.DST.FRST.20,NA,NA,NA,NA,NA,NA,NA,NA,NA,NA,NA,NA,NA,NA,NA,NA,NA,NA,NA,NA,NA,NA,NA,NA,NA,NA,NA,NA,NA,NA,NA,NA,NA,NA,NA,NA,NA,NA,NA,NA,NA,NA,NA,NA,NA,NA,NA,NA,NA,NA,NA,NA,NA,NA,NA,NA,NA,NA,NA,NA,NA,NA,NA,NA,NA
ISO_LAO,Income share held by lowest 20%,SI.DST.FRST.20,NA,NA,NA,NA,NA,NA,NA,NA,NA,NA,NA,NA,NA,NA,NA,NA,NA,NA,NA,NA,NA,NA,NA,NA,NA,NA,NA,NA,NA,NA,NA,NA,8.2,NA,NA,NA,NA,8.1,NA,NA,NA,NA,8.6,NA,NA,NA,NA,8,NA,NA,NA,NA,7.6,NA,NA,NA,NA,NA,7,NA,NA,NA,NA,NA,NA
ISO_LBN,Income share held by lowest 20%,SI.DST.FRST.20,NA,NA,NA,NA,NA,NA,NA,NA,NA,NA,NA,NA,NA,NA,NA,NA,NA,NA,NA,NA,NA,NA,NA,NA,NA,NA,NA,NA,NA,NA,NA,NA,NA,NA,NA,NA,NA,NA,NA,NA,NA,NA,NA,NA,NA,NA,NA,NA,NA,NA,NA,7.9,NA,NA,NA,NA,NA,NA,NA,NA,NA,NA,NA,NA,NA
ISO_LBR,Income share held by lowest 20%,SI.DST.FRST.20,NA,NA,NA,NA,NA,NA,NA,NA,NA,NA,NA,NA,NA,NA,NA,NA,NA,NA,NA,NA,NA,NA,NA,NA,NA,NA,NA,NA,NA,NA,NA,NA,NA,NA,NA,NA,NA,NA,NA,NA,NA,NA,NA,NA,NA,NA,NA,6.5,NA,NA,NA,NA,NA,NA,7.7,NA,7.2,NA,NA,NA,NA,NA,NA,NA,NA
ISO_LBY,Income share held by lowest 20%,SI.DST.FRST.20,NA,NA,NA,NA,NA,NA,NA,NA,NA,NA,NA,NA,NA,NA,NA,NA,NA,NA,NA,NA,NA,NA,NA,NA,NA,NA,NA,NA,NA,NA,NA,NA,NA,NA,NA,NA,NA,NA,NA,NA,NA,NA,NA,NA,NA,NA,NA,NA,NA,NA,NA,NA,NA,NA,NA,NA,NA,NA,NA,NA,NA,NA,NA,NA,NA
ISO_LCA,Income share held by lowest 20%,SI.DST.FRST.20,NA,NA,NA,NA,NA,NA,NA,NA,NA,NA,NA,NA,NA,NA,NA,NA,NA,NA,NA,NA,NA,NA,NA,NA,NA,NA,NA,NA,NA,NA,NA,NA,NA,NA,NA,NA,NA,NA,NA,NA,NA,NA,NA,NA,NA,NA,NA,NA,NA,NA,NA,NA,NA,NA,NA,5.5,NA,NA,NA,NA,NA,NA,NA,NA,NA
ISO_LCN,Income share held by lowest 20%,SI.DST.FRST.20,NA,NA,NA,NA,NA,NA,NA,NA,NA,NA,NA,NA,NA,NA,NA,NA,NA,NA,NA,NA,NA,NA,NA,NA,NA,NA,NA,NA,NA,NA,NA,NA,NA,NA,NA,NA,NA,NA,NA,NA,NA,NA,NA,NA,NA,NA,NA,NA,NA,NA,NA,NA,NA,NA,NA,NA,NA,NA,NA,NA,NA,NA,NA,NA,NA
ISO_LDC,Income share held by lowest 20%,SI.DST.FRST.20,NA,NA,NA,NA,NA,NA,NA,NA,NA,NA,NA,NA,NA,NA,NA,NA,NA,NA,NA,NA,NA,NA,NA,NA,NA,NA,NA,NA,NA,NA,NA,NA,NA,NA,NA,NA,NA,NA,NA,NA,NA,NA,NA,NA,NA,NA,NA,NA,NA,NA,NA,NA,NA,NA,NA,NA,NA,NA,NA,NA,NA,NA,NA,NA,NA
ISO_LIC,Income share held by lowest 20%,SI.DST.FRST.20,NA,NA,NA,NA,NA,NA,NA,NA,NA,NA,NA,NA,NA,NA,NA,NA,NA,NA,NA,NA,NA,NA,NA,NA,NA,NA,NA,NA,NA,NA,NA,NA,NA,NA,NA,NA,NA,NA,NA,NA,NA,NA,NA,NA,NA,NA,NA,NA,NA,NA,NA,NA,NA,NA,NA,NA,NA,NA,NA,NA,NA,NA,NA,NA,NA
ISO_LIE,Income share held by lowest 20%,SI.DST.FRST.20,NA,NA,NA,NA,NA,NA,NA,NA,NA,NA,NA,NA,NA,NA,NA,NA,NA,NA,NA,NA,NA,NA,NA,NA,NA,NA,NA,NA,NA,NA,NA,NA,NA,NA,NA,NA,NA,NA,NA,NA,NA,NA,NA,NA,NA,NA,NA,NA,NA,NA,NA,NA,NA,NA,NA,NA,NA,NA,NA,NA,NA,NA,NA,NA,NA
ISO_LKA,Income share held by lowest 20%,SI.DST.FRST.20,NA,NA,NA,NA,NA,NA,NA,NA,NA,NA,NA,NA,NA,NA,NA,NA,NA,NA,NA,NA,NA,NA,NA,NA,NA,8.3,NA,NA,NA,NA,8.7,NA,NA,NA,NA,8,NA,NA,NA,NA,NA,NA,7,NA,NA,NA,7,NA,NA,7.8,NA,NA,7.3,NA,NA,NA,7.1,NA,NA,7.4,NA,NA,NA,NA,NA
ISO_LMC,Income share held by lowest 20%,SI.DST.FRST.20,NA,NA,NA,NA,NA,NA,NA,NA,NA,NA,NA,NA,NA,NA,NA,NA,NA,NA,NA,NA,NA,NA,NA,NA,NA,NA,NA,NA,NA,NA,NA,NA,NA,NA,NA,NA,NA,NA,NA,NA,NA,NA,NA,NA,NA,NA,NA,NA,NA,NA,NA,NA,NA,NA,NA,NA,NA,NA,NA,NA,NA,NA,NA,NA,NA
ISO_LMY,Income share held by lowest 20%,SI.DST.FRST.20,NA,NA,NA,NA,NA,NA,NA,NA,NA,NA,NA,NA,NA,NA,NA,NA,NA,NA,NA,NA,NA,NA,NA,NA,NA,NA,NA,NA,NA,NA,NA,NA,NA,NA,NA,NA,NA,NA,NA,NA,NA,NA,NA,NA,NA,NA,NA,NA,NA,NA,NA,NA,NA,NA,NA,NA,NA,NA,NA,NA,NA,NA,NA,NA,NA
ISO_LSO,Income share held by lowest 20%,SI.DST.FRST.20,NA,NA,NA,NA,NA,NA,NA,NA,NA,NA,NA,NA,NA,NA,NA,NA,NA,NA,NA,NA,NA,NA,NA,NA,NA,NA,2.9,NA,NA,NA,NA,NA,NA,NA,1.5,NA,NA,NA,NA,NA,NA,NA,3,NA,NA,NA,NA,NA,NA,NA,NA,NA,NA,NA,NA,NA,NA,4.6,NA,NA,NA,NA,NA,NA,NA
ISO_LTE,Income share held by lowest 20%,SI.DST.FRST.20,NA,NA,NA,NA,NA,NA,NA,NA,NA,NA,NA,NA,NA,NA,NA,NA,NA,NA,NA,NA,NA,NA,NA,NA,NA,NA,NA,NA,NA,NA,NA,NA,NA,NA,NA,NA,NA,NA,NA,NA,NA,NA,NA,NA,NA,NA,NA,NA,NA,NA,NA,NA,NA,NA,NA,NA,NA,NA,NA,NA,NA,NA,NA,NA,NA
ISO_LTU,Income share held by lowest 20%,SI.DST.FRST.20,NA,NA,NA,NA,NA,NA,NA,NA,NA,NA,NA,NA,NA,NA,NA,NA,NA,NA,NA,NA,NA,NA,NA,NA,NA,NA,NA,NA,NA,NA,NA,NA,NA,NA,NA,NA,NA,NA,NA,NA,NA,NA,NA,NA,5.8,6.4,6.9,6.8,6.6,5.7,6.5,7.1,6.5,6.7,6,6.1,6,6.3,6.6,7,7.1,7,NA,NA,NA
ISO_LUX,Income share held by lowest 20%,SI.DST.FRST.20,NA,NA,NA,NA,NA,NA,NA,NA,NA,NA,NA,NA,NA,NA,NA,NA,NA,NA,NA,NA,NA,NA,NA,NA,NA,9.6,9.2,8.8,9.1,9,9.4,9.3,9.4,9.6,9,9,8.6,8.6,8.3,8.4,8.5,8.4,8.6,8.3,8.3,8.2,8.2,8.3,7.8,8,8.2,7.8,7.3,7.6,7.9,7.4,7.6,6.8,6.6,7.2,7.1,7.2,NA,NA,NA
ISO_LVA,Income share held by lowest 20%,SI.DST.FRST.20,NA,NA,NA,NA,NA,NA,NA,NA,NA,NA,NA,NA,NA,NA,NA,NA,NA,NA,NA,NA,NA,NA,NA,NA,NA,NA,NA,NA,NA,NA,NA,NA,NA,NA,NA,NA,NA,NA,NA,NA,NA,NA,NA,NA,6.5,5.9,6.8,6.4,6.1,5.9,6.2,6.4,6.5,6.5,6.6,7.1,6.9,6.7,7,7.1,6.9,7.1,NA,NA,NA
ISO_MAC,Income share held by lowest 20%,SI.DST.FRST.20,NA,NA,NA,NA,NA,NA,NA,NA,NA,NA,NA,NA,NA,NA,NA,NA,NA,NA,NA,NA,NA,NA,NA,NA,NA,NA,NA,NA,NA,NA,NA,NA,NA,NA,NA,NA,NA,NA,NA,NA,NA,NA,NA,NA,NA,NA,NA,NA,NA,NA,NA,NA,NA,NA,NA,NA,NA,NA,NA,NA,NA,NA,NA,NA,NA
ISO_MAF,Income share held by lowest 20%,SI.DST.FRST.20,NA,NA,NA,NA,NA,NA,NA,NA,NA,NA,NA,NA,NA,NA,NA,NA,NA,NA,NA,NA,NA,NA,NA,NA,NA,NA,NA,NA,NA,NA,NA,NA,NA,NA,NA,NA,NA,NA,NA,NA,NA,NA,NA,NA,NA,NA,NA,NA,NA,NA,NA,NA,NA,NA,NA,NA,NA,NA,NA,NA,NA,NA,NA,NA,NA
ISO_MAR,Income share held by lowest 20%,SI.DST.FRST.20,NA,NA,NA,NA,NA,NA,NA,NA,NA,NA,NA,NA,NA,NA,NA,NA,NA,NA,NA,NA,NA,NA,NA,NA,6.6,NA,NA,NA,NA,NA,6.6,NA,NA,NA,NA,NA,NA,NA,6.5,NA,6.5,NA,NA,NA,NA,NA,6.5,NA,NA,NA,NA,NA,NA,6.7,NA,NA,NA,NA,NA,NA,NA,NA,NA,NA,NA
ISO_MCO,Income share held by lowest 20%,SI.DST.FRST.20,NA,NA,NA,NA,NA,NA,NA,NA,NA,NA,NA,NA,NA,NA,NA,NA,NA,NA,NA,NA,NA,NA,NA,NA,NA,NA,NA,NA,NA,NA,NA,NA,NA,NA,NA,NA,NA,NA,NA,NA,NA,NA,NA,NA,NA,NA,NA,NA,NA,NA,NA,NA,NA,NA,NA,NA,NA,NA,NA,NA,NA,NA,NA,NA,NA
ISO_MDA,Income share held by lowest 20%,SI.DST.FRST.20,NA,NA,NA,NA,NA,NA,NA,NA,NA,NA,NA,NA,NA,NA,NA,NA,NA,NA,NA,NA,NA,NA,NA,NA,NA,NA,NA,NA,NA,NA,NA,NA,NA,NA,NA,NA,NA,6.5,6,6,6.9,6.7,7,7.6,7.4,7,7.1,7.4,7.3,7.6,8.1,8.5,9,9.1,9.7,9.7,10,10,10.2,10,NA,10.1,NA,NA,NA
ISO_MDG,Income share held by lowest 20%,SI.DST.FRST.20,NA,NA,NA,NA,NA,NA,NA,NA,NA,NA,NA,NA,NA,NA,NA,NA,NA,NA,NA,NA,5,NA,NA,NA,NA,NA,NA,NA,NA,NA,NA,NA,NA,5.4,NA,NA,NA,6.1,NA,6.3,NA,4.9,NA,NA,NA,6.7,NA,NA,NA,NA,6.1,NA,5.7,NA,NA,NA,NA,NA,NA,NA,NA,NA,NA,NA,NA
ISO_MDV,Income share held by lowest 20%,SI.DST.FRST.20,NA,NA,NA,NA,NA,NA,NA,NA,NA,NA,NA,NA,NA,NA,NA,NA,NA,NA,NA,NA,NA,NA,NA,NA,NA,NA,NA,NA,NA,NA,NA,NA,NA,NA,NA,NA,NA,NA,NA,NA,NA,NA,6.8,NA,NA,NA,NA,NA,NA,6.4,NA,NA,NA,NA,NA,NA,8.3,NA,NA,8.9,NA,NA,NA,NA,NA
ISO_MEA,Income share held by lowest 20%,SI.DST.FRST.20,NA,NA,NA,NA,NA,NA,NA,NA,NA,NA,NA,NA,NA,NA,NA,NA,NA,NA,NA,NA,NA,NA,NA,NA,NA,NA,NA,NA,NA,NA,NA,NA,NA,NA,NA,NA,NA,NA,NA,NA,NA,NA,NA,NA,NA,NA,NA,NA,NA,NA,NA,NA,NA,NA,NA,NA,NA,NA,NA,NA,NA,NA,NA,NA,NA
ISO_MEX,Income share held by lowest 20%,SI.DST.FRST.20,NA,NA,NA,NA,NA,NA,NA,NA,NA,NA,NA,NA,NA,NA,NA,NA,NA,NA,NA,NA,NA,NA,NA,NA,NA,NA,NA,NA,NA,4.3,NA,NA,3.9,NA,3.7,NA,3.8,NA,3.3,NA,3.4,NA,4,NA,4,3.8,4.2,NA,3.9,NA,4.6,NA,4.4,NA,4.7,NA,5,NA,5.2,NA,5.3,NA,5.6,NA,NA
ISO_MHL,Income share held by lowest 20%,SI.DST.FRST.20,NA,NA,NA,NA,NA,NA,NA,NA,NA,NA,NA,NA,NA,NA,NA,NA,NA,NA,NA,NA,NA,NA,NA,NA,NA,NA,NA,NA,NA,NA,NA,NA,NA,NA,NA,NA,NA,NA,NA,NA,NA,NA,NA,NA,NA,NA,NA,NA,NA,NA,NA,NA,NA,NA,NA,NA,NA,NA,NA,7.2,NA,NA,NA,NA,NA
ISO_MIC,Income share held by lowest 20%,SI.DST.FRST.20,NA,NA,NA,NA,NA,NA,NA,NA,NA,NA,NA,NA,NA,NA,NA,NA,NA,NA,NA,NA,NA,NA,NA,NA,NA,NA,NA,NA,NA,NA,NA,NA,NA,NA,NA,NA,NA,NA,NA,NA,NA,NA,NA,NA,NA,NA,NA,NA,NA,NA,NA,NA,NA,NA,NA,NA,NA,NA,NA,NA,NA,NA,NA,NA,NA
ISO_MKD,Income share held by lowest 20%,SI.DST.FRST.20,NA,NA,NA,NA,NA,NA,NA,NA,NA,NA,NA,NA,NA,NA,NA,NA,NA,NA,NA,NA,NA,NA,NA,NA,NA,NA,NA,NA,NA,NA,NA,NA,NA,NA,NA,NA,NA,NA,NA,NA,NA,NA,NA,NA,NA,NA,NA,NA,NA,4.1,3.7,4.4,4.9,5.6,5.8,5.6,5.6,5.6,6.1,5.8,NA,NA,NA,NA,NA
ISO_MLI,Income share held by lowest 20%,SI.DST.FRST.20,NA,NA,NA,NA,NA,NA,NA,NA,NA,NA,NA,NA,NA,NA,NA,NA,NA,NA,NA,NA,NA,NA,NA,NA,NA,NA,NA,NA,NA,NA,NA,NA,NA,NA,4.6,NA,NA,NA,NA,NA,NA,6.3,NA,NA,NA,NA,6.4,NA,NA,8,NA,NA,NA,NA,NA,NA,NA,NA,7.5,NA,NA,7.6,NA,NA,NA
ISO_MLT,Income share held by lowest 20%,SI.DST.FRST.20,NA,NA,NA,NA,NA,NA,NA,NA,NA,NA,NA,NA,NA,NA,NA,NA,NA,NA,NA,NA,NA,NA,NA,NA,NA,NA,NA,NA,NA,NA,NA,NA,NA,NA,NA,NA,NA,NA,NA,NA,NA,NA,NA,NA,NA,NA,8.6,8.3,8.5,8.2,8.4,8.5,8.4,8.6,8.6,8.5,8.6,8.5,8.6,8.1,8,NA,NA,NA,NA
ISO_MMR,Income share held by lowest 20%,SI.DST.FRST.20,NA,NA,NA,NA,NA,NA,NA,NA,NA,NA,NA,NA,NA,NA,NA,NA,NA,NA,NA,NA,NA,NA,NA,NA,NA,NA,NA,NA,NA,NA,NA,NA,NA,NA,NA,NA,NA,NA,NA,NA,NA,NA,NA,NA,NA,NA,NA,NA,NA,NA,NA,NA,NA,NA,NA,7.3,NA,8.9,NA,NA,NA,NA,NA,NA,NA
ISO_MNA,Income share held by lowest 20%,SI.DST.FRST.20,NA,NA,NA,NA,NA,NA,NA,NA,NA,NA,NA,NA,NA,NA,NA,NA,NA,NA,NA,NA,NA,NA,NA,NA,NA,NA,NA,NA,NA,NA,NA,NA,NA,NA,NA,NA,NA,NA,NA,NA,NA,NA,NA,NA,NA,NA,NA,NA,NA,NA,NA,NA,NA,NA,NA,NA,NA,NA,NA,NA,NA,NA,NA,NA,NA
ISO_MNE,Income share held by lowest 20%,SI.DST.FRST.20,NA,NA,NA,NA,NA,NA,NA,NA,NA,NA,NA,NA,NA,NA,NA,NA,NA,NA,NA,NA,NA,NA,NA,NA,NA,NA,NA,NA,NA,NA,NA,NA,NA,NA,NA,NA,NA,NA,NA,NA,NA,NA,NA,NA,NA,NA,NA,NA,NA,NA,NA,NA,4.5,5.2,5.1,5.2,5.2,5.1,5.3,5.9,6.1,6.2,NA,NA,NA
ISO_MNG,Income share held by lowest 20%,SI.DST.FRST.20,NA,NA,NA,NA,NA,NA,NA,NA,NA,NA,NA,NA,NA,NA,NA,NA,NA,NA,NA,NA,NA,NA,NA,NA,NA,NA,NA,NA,NA,NA,NA,NA,NA,NA,NA,7.4,NA,NA,7.7,NA,NA,NA,7.5,NA,NA,NA,NA,7.3,NA,NA,7.8,7.8,7.6,NA,8.1,NA,8,NA,7.9,NA,NA,NA,8.2,NA,NA
ISO_MNP,Income share held by lowest 20%,SI.DST.FRST.20,NA,NA,NA,NA,NA,NA,NA,NA,NA,NA,NA,NA,NA,NA,NA,NA,NA,NA,NA,NA,NA,NA,NA,NA,NA,NA,NA,NA,NA,NA,NA,NA,NA,NA,NA,NA,NA,NA,NA,NA,NA,NA,NA,NA,NA,NA,NA,NA,NA,NA,NA,NA,NA,NA,NA,NA,NA,NA,NA,NA,NA,NA,NA,NA,NA
ISO_MOZ,Income share held by lowest 20%,SI.DST.FRST.20,NA,NA,NA,NA,NA,NA,NA,NA,NA,NA,NA,NA,NA,NA,NA,NA,NA,NA,NA,NA,NA,NA,NA,NA,NA,NA,NA,NA,NA,NA,NA,NA,NA,NA,NA,NA,4,NA,NA,NA,NA,NA,5.4,NA,NA,NA,NA,NA,5.2,NA,NA,NA,NA,NA,4.2,NA,NA,NA,NA,4.4,NA,NA,NA,NA,NA
ISO_MRT,Income share held by lowest 20%,SI.DST.FRST.20,NA,NA,NA,NA,NA,NA,NA,NA,NA,NA,NA,NA,NA,NA,NA,NA,NA,NA,NA,NA,NA,NA,NA,NA,NA,NA,NA,4.2,NA,NA,NA,NA,NA,5.2,NA,6.4,NA,NA,NA,NA,6.2,NA,NA,NA,6.5,NA,NA,NA,6.7,NA,NA,NA,NA,NA,7.5,NA,NA,NA,NA,7.8,NA,NA,NA,NA,NA
ISO_MUS,Income share held by lowest 20%,SI.DST.FRST.20,NA,NA,NA,NA,NA,NA,NA,NA,NA,NA,NA,NA,NA,NA,NA,NA,NA,NA,NA,NA,NA,NA,NA,NA,NA,NA,NA,NA,NA,NA,NA,NA,NA,NA,NA,NA,NA,NA,NA,NA,NA,NA,NA,NA,NA,NA,7.6,NA,NA,NA,NA,NA,7,NA,NA,NA,NA,7.2,NA,NA,NA,NA,NA,NA,NA
ISO_MWI,Income share held by lowest 20%,SI.DST.FRST.20,NA,NA,NA,NA,NA,NA,NA,NA,NA,NA,NA,NA,NA,NA,NA,NA,NA,NA,NA,NA,NA,NA,NA,NA,NA,NA,NA,NA,NA,NA,NA,NA,NA,NA,NA,NA,NA,3.9,NA,NA,NA,NA,NA,NA,6.9,NA,NA,NA,NA,NA,5.5,NA,NA,NA,NA,NA,6.4,NA,NA,6.9,NA,NA,NA,NA,NA
ISO_MYS,Income share held by lowest 20%,SI.DST.FRST.20,NA,NA,NA,NA,NA,NA,NA,NA,NA,NA,NA,NA,NA,NA,NA,NA,NA,NA,NA,NA,NA,NA,NA,NA,4.6,NA,NA,4.9,NA,5.1,NA,NA,4.7,NA,NA,4.5,NA,4.4,NA,NA,NA,NA,NA,4.6,NA,NA,5,NA,4.8,NA,NA,5.2,NA,5.8,NA,5.8,NA,NA,5.7,NA,NA,5.9,NA,NA,NA
ISO_NAC,Income share held by lowest 20%,SI.DST.FRST.20,NA,NA,NA,NA,NA,NA,NA,NA,NA,NA,NA,NA,NA,NA,NA,NA,NA,NA,NA,NA,NA,NA,NA,NA,NA,NA,NA,NA,NA,NA,NA,NA,NA,NA,NA,NA,NA,NA,NA,NA,NA,NA,NA,NA,NA,NA,NA,NA,NA,NA,NA,NA,NA,NA,NA,NA,NA,NA,NA,NA,NA,NA,NA,NA,NA
ISO_NAM,Income share held by lowest 20%,SI.DST.FRST.20,NA,NA,NA,NA,NA,NA,NA,NA,NA,NA,NA,NA,NA,NA,NA,NA,NA,NA,NA,NA,NA,NA,NA,NA,NA,NA,NA,NA,NA,NA,NA,NA,NA,NA,NA,NA,NA,NA,NA,NA,NA,NA,NA,3,NA,NA,NA,NA,NA,3.3,NA,NA,NA,NA,NA,2.8,NA,NA,NA,NA,NA,NA,NA,NA,NA
ISO_NCL,Income share held by lowest 20%,SI.DST.FRST.20,NA,NA,NA,NA,NA,NA,NA,NA,NA,NA,NA,NA,NA,NA,NA,NA,NA,NA,NA,NA,NA,NA,NA,NA,NA,NA,NA,NA,NA,NA,NA,NA,NA,NA,NA,NA,NA,NA,NA,NA,NA,NA,NA,NA,NA,NA,NA,NA,NA,NA,NA,NA,NA,NA,NA,NA,NA,NA,NA,NA,NA,NA,NA,NA,NA
ISO_NER,Income share held by lowest 20%,SI.DST.FRST.20,NA,NA,NA,NA,NA,NA,NA,NA,NA,NA,NA,NA,NA,NA,NA,NA,NA,NA,NA,NA,NA,NA,NA,NA,NA,NA,NA,NA,NA,NA,NA,NA,7.5,NA,6,NA,NA,NA,NA,NA,NA,NA,NA,NA,NA,5.8,NA,7.7,NA,NA,NA,8.9,NA,NA,7.8,NA,NA,NA,7.6,NA,NA,8.7,NA,NA,NA
ISO_NGA,Income share held by lowest 20%,SI.DST.FRST.20,NA,NA,NA,NA,NA,NA,NA,NA,NA,NA,NA,NA,NA,NA,NA,NA,NA,NA,NA,NA,NA,NA,NA,NA,NA,6,NA,NA,NA,NA,NA,NA,4,NA,NA,NA,3.7,NA,NA,NA,NA,NA,NA,5.7,NA,NA,NA,NA,NA,NA,7.1,NA,7.1,NA,NA,7,NA,NA,7.1,NA,NA,NA,NA,NA,NA
ISO_NIC,Income share held by lowest 20%,SI.DST.FRST.20,NA,NA,NA,NA,NA,NA,NA,NA,NA,NA,NA,NA,NA,NA,NA,NA,NA,NA,NA,NA,NA,NA,NA,NA,NA,NA,NA,NA,NA,NA,NA,NA,NA,2.1,NA,NA,NA,NA,3.1,NA,NA,3.9,NA,NA,NA,4.8,NA,NA,NA,5.3,NA,NA,NA,NA,5.1,NA,NA,NA,NA,NA,NA,NA,NA,NA,NA
ISO_NLD,Income share held by lowest 20%,SI.DST.FRST.20,NA,NA,NA,NA,NA,NA,NA,NA,NA,NA,NA,NA,NA,NA,NA,NA,NA,NA,NA,NA,NA,NA,NA,8.8,NA,NA,NA,9.7,NA,NA,8.3,NA,NA,7.9,NA,NA,NA,NA,NA,9.1,NA,NA,NA,NA,8.4,8.7,8.7,8.8,8.7,9,9,9.1,9.1,8.9,8.8,8.9,8.8,8.8,8.9,8.6,9.2,9.4,NA,NA,NA
ISO_NOR,Income share held by lowest 20%,SI.DST.FRST.20,NA,NA,NA,NA,NA,NA,NA,NA,NA,NA,NA,NA,NA,NA,NA,NA,NA,NA,NA,9.5,NA,NA,NA,NA,NA,NA,10.2,NA,NA,NA,NA,10,NA,NA,NA,9.7,NA,NA,NA,NA,9.7,NA,NA,9.5,8.8,9,9.2,9.4,9.1,9.4,9.5,9.5,9.4,9.3,9.1,9,8.6,8.9,8.9,8.8,NA,NA,NA,NA,NA
ISO_NPL,Income share held by lowest 20%,SI.DST.FRST.20,NA,NA,NA,NA,NA,NA,NA,NA,NA,NA,NA,NA,NA,NA,NA,NA,NA,NA,NA,NA,NA,NA,NA,NA,NA,NA,NA,NA,NA,NA,NA,NA,NA,NA,NA,7.8,NA,NA,NA,NA,NA,NA,NA,6.5,NA,NA,NA,NA,NA,NA,8.3,NA,NA,NA,NA,NA,NA,NA,NA,NA,NA,NA,NA,NA,NA
ISO_NRU,Income share held by lowest 20%,SI.DST.FRST.20,NA,NA,NA,NA,NA,NA,NA,NA,NA,NA,NA,NA,NA,NA,NA,NA,NA,NA,NA,NA,NA,NA,NA,NA,NA,NA,NA,NA,NA,NA,NA,NA,NA,NA,NA,NA,NA,NA,NA,NA,NA,NA,NA,NA,NA,NA,NA,NA,NA,NA,NA,NA,8,NA,NA,NA,NA,NA,NA,NA,NA,NA,NA,NA,NA
ISO_NZL,Income share held by lowest 20%,SI.DST.FRST.20,NA,NA,NA,NA,NA,NA,NA,NA,NA,NA,NA,NA,NA,NA,NA,NA,NA,NA,NA,NA,NA,NA,NA,NA,NA,NA,NA,NA,NA,NA,NA,NA,NA,NA,NA,NA,NA,NA,NA,NA,NA,NA,NA,NA,NA,NA,NA,NA,NA,NA,NA,NA,NA,NA,NA,NA,NA,NA,NA,NA,NA,NA,NA,NA,NA
ISO_OED,Income share held by lowest 20%,SI.DST.FRST.20,NA,NA,NA,NA,NA,NA,NA,NA,NA,NA,NA,NA,NA,NA,NA,NA,NA,NA,NA,NA,NA,NA,NA,NA,NA,NA,NA,NA,NA,NA,NA,NA,NA,NA,NA,NA,NA,NA,NA,NA,NA,NA,NA,NA,NA,NA,NA,NA,NA,NA,NA,NA,NA,NA,NA,NA,NA,NA,NA,NA,NA,NA,NA,NA,NA
ISO_OMN,Income share held by lowest 20%,SI.DST.FRST.20,NA,NA,NA,NA,NA,NA,NA,NA,NA,NA,NA,NA,NA,NA,NA,NA,NA,NA,NA,NA,NA,NA,NA,NA,NA,NA,NA,NA,NA,NA,NA,NA,NA,NA,NA,NA,NA,NA,NA,NA,NA,NA,NA,NA,NA,NA,NA,NA,NA,NA,NA,NA,NA,NA,NA,NA,NA,NA,NA,NA,NA,NA,NA,NA,NA
ISO_OSS,Income share held by lowest 20%,SI.DST.FRST.20,NA,NA,NA,NA,NA,NA,NA,NA,NA,NA,NA,NA,NA,NA,NA,NA,NA,NA,NA,NA,NA,NA,NA,NA,NA,NA,NA,NA,NA,NA,NA,NA,NA,NA,NA,NA,NA,NA,NA,NA,NA,NA,NA,NA,NA,NA,NA,NA,NA,NA,NA,NA,NA,NA,NA,NA,NA,NA,NA,NA,NA,NA,NA,NA,NA
ISO_PAK,Income share held by lowest 20%,SI.DST.FRST.20,NA,NA,NA,NA,NA,NA,NA,NA,NA,NA,NA,NA,NA,NA,NA,NA,NA,NA,NA,NA,NA,NA,NA,NA,NA,NA,NA,8.3,NA,NA,8.1,NA,NA,NA,NA,NA,9.9,NA,8.7,NA,NA,9.8,NA,NA,9.2,9.3,NA,9.7,NA,NA,9.9,9.7,NA,9.5,NA,9.3,NA,NA,9.6,NA,NA,NA,NA,NA,NA
ISO_PAN,Income share held by lowest 20%,SI.DST.FRST.20,NA,NA,NA,NA,NA,NA,NA,NA,NA,NA,NA,NA,NA,NA,NA,NA,NA,NA,NA,3.9,NA,NA,NA,NA,NA,NA,NA,NA,NA,0.8,NA,1.2,NA,NA,NA,1.4,NA,1.7,1.6,1.9,2.1,1.9,2.5,2.5,2.6,2.7,2.5,3,3.2,3.5,3.3,3.4,3.2,3.3,3.4,3.4,3.3,3.4,3.6,3.6,NA,3.7,NA,3.7,NA
ISO_PER,Income share held by lowest 20%,SI.DST.FRST.20,NA,NA,NA,NA,NA,NA,NA,NA,NA,NA,NA,NA,NA,NA,NA,NA,NA,NA,NA,NA,NA,NA,NA,NA,NA,NA,NA,NA,NA,NA,NA,NA,NA,NA,NA,NA,NA,3,2.9,2.9,3.5,3.4,3.2,3.6,3.7,3.6,3.5,3.5,3.8,4,4.3,4.4,4.4,4.5,4.7,4.7,4.6,4.7,5,5.2,4.8,5.8,5.7,NA,NA
ISO_PHL,Income share held by lowest 20%,SI.DST.FRST.20,NA,NA,NA,NA,NA,NA,NA,NA,NA,NA,NA,NA,NA,NA,NA,NA,NA,NA,NA,NA,NA,NA,NA,NA,NA,NA,NA,NA,NA,NA,NA,NA,NA,NA,NA,NA,NA,NA,NA,NA,5.1,NA,NA,5.2,NA,NA,5,NA,NA,5.3,NA,NA,5.2,NA,NA,5.6,NA,NA,6.2,NA,NA,6.5,NA,NA,NA
ISO_PLW,Income share held by lowest 20%,SI.DST.FRST.20,NA,NA,NA,NA,NA,NA,NA,NA,NA,NA,NA,NA,NA,NA,NA,NA,NA,NA,NA,NA,NA,NA,NA,NA,NA,NA,NA,NA,NA,NA,NA,NA,NA,NA,NA,NA,NA,NA,NA,NA,NA,NA,NA,NA,NA,NA,NA,NA,NA,NA,NA,NA,NA,NA,NA,NA,NA,NA,NA,NA,NA,NA,NA,NA,NA
ISO_PNG,Income share held by lowest 20%,SI.DST.FRST.20,NA,NA,NA,NA,NA,NA,NA,NA,NA,NA,NA,NA,NA,NA,NA,NA,NA,NA,NA,NA,NA,NA,NA,NA,NA,NA,NA,NA,NA,NA,NA,NA,NA,NA,NA,NA,4.9,NA,NA,NA,NA,NA,NA,NA,NA,NA,NA,NA,NA,5.1,NA,NA,NA,NA,NA,NA,NA,NA,NA,NA,NA,NA,NA,NA,NA
ISO_POL,Income share held by lowest 20%,SI.DST.FRST.20,NA,NA,NA,NA,NA,NA,NA,NA,NA,NA,NA,NA,NA,NA,NA,NA,NA,NA,NA,NA,NA,NA,NA,NA,NA,NA,NA,NA,NA,NA,NA,NA,NA,NA,NA,NA,NA,NA,NA,NA,NA,NA,NA,NA,5.7,6.4,6.8,7.2,7.3,7.3,7.3,7.3,7.2,7.2,7.2,7.4,8,8.3,8.2,8.6,8.6,8.6,NA,NA,NA
ISO_PRE,Income share held by lowest 20%,SI.DST.FRST.20,NA,NA,NA,NA,NA,NA,NA,NA,NA,NA,NA,NA,NA,NA,NA,NA,NA,NA,NA,NA,NA,NA,NA,NA,NA,NA,NA,NA,NA,NA,NA,NA,NA,NA,NA,NA,NA,NA,NA,NA,NA,NA,NA,NA,NA,NA,NA,NA,NA,NA,NA,NA,NA,NA,NA,NA,NA,NA,NA,NA,NA,NA,NA,NA,NA
ISO_PRI,Income share held by lowest 20%,SI.DST.FRST.20,NA,NA,NA,NA,NA,NA,NA,NA,NA,NA,NA,NA,NA,NA,NA,NA,NA,NA,NA,NA,NA,NA,NA,NA,NA,NA,NA,NA,NA,NA,NA,NA,NA,NA,NA,NA,NA,NA,NA,NA,NA,NA,NA,NA,NA,NA,NA,NA,NA,NA,NA,NA,NA,NA,NA,NA,NA,NA,NA,NA,NA,NA,NA,NA,NA
ISO_PRK,Income share held by lowest 20%,SI.DST.FRST.20,NA,NA,NA,NA,NA,NA,NA,NA,NA,NA,NA,NA,NA,NA,NA,NA,NA,NA,NA,NA,NA,NA,NA,NA,NA,NA,NA,NA,NA,NA,NA,NA,NA,NA,NA,NA,NA,NA,NA,NA,NA,NA,NA,NA,NA,NA,NA,NA,NA,NA,NA,NA,NA,NA,NA,NA,NA,NA,NA,NA,NA,NA,NA,NA,NA
ISO_PRT,Income share held by lowest 20%,SI.DST.FRST.20,NA,NA,NA,NA,NA,NA,NA,NA,NA,NA,NA,NA,NA,NA,NA,NA,NA,NA,NA,NA,NA,NA,NA,NA,NA,NA,NA,NA,NA,NA,NA,NA,NA,NA,NA,NA,NA,NA,NA,NA,NA,NA,NA,6.2,6.4,6.7,6.7,6.9,6.9,7.2,7,6.8,6.4,6.2,6.5,6.7,6.9,7.4,7.4,7.6,6.9,7.4,NA,NA,NA
ISO_PRY,Income share held by lowest 20%,SI.DST.FRST.20,NA,NA,NA,NA,NA,NA,NA,NA,NA,NA,NA,NA,NA,NA,NA,NA,NA,NA,NA,NA,NA,NA,NA,NA,NA,NA,NA,NA,NA,NA,5.8,NA,NA,NA,NA,2.4,NA,2.5,NA,2.8,NA,3.1,2.9,3.4,4,3.9,3.6,3.6,4.1,4,3.8,3.5,4.2,4.4,4,4.3,4.5,4.7,4.8,4.8,5.3,5.5,5,NA,NA
ISO_PSE,Income share held by lowest 20%,SI.DST.FRST.20,NA,NA,NA,NA,NA,NA,NA,NA,NA,NA,NA,NA,NA,NA,NA,NA,NA,NA,NA,NA,NA,NA,NA,NA,NA,NA,NA,NA,NA,NA,NA,NA,NA,NA,NA,NA,NA,NA,NA,NA,NA,NA,NA,NA,7.5,7.3,7.8,7.1,NA,7.7,7.5,7.7,NA,NA,NA,NA,7.3,NA,NA,NA,NA,NA,NA,NA,NA
ISO_PSS,Income share held by lowest 20%,SI.DST.FRST.20,NA,NA,NA,NA,NA,NA,NA,NA,NA,NA,NA,NA,NA,NA,NA,NA,NA,NA,NA,NA,NA,NA,NA,NA,NA,NA,NA,NA,NA,NA,NA,NA,NA,NA,NA,NA,NA,NA,NA,NA,NA,NA,NA,NA,NA,NA,NA,NA,NA,NA,NA,NA,NA,NA,NA,NA,NA,NA,NA,NA,NA,NA,NA,NA,NA
ISO_PST,Income share held by lowest 20%,SI.DST.FRST.20,NA,NA,NA,NA,NA,NA,NA,NA,NA,NA,NA,NA,NA,NA,NA,NA,NA,NA,NA,NA,NA,NA,NA,NA,NA,NA,NA,NA,NA,NA,NA,NA,NA,NA,NA,NA,NA,NA,NA,NA,NA,NA,NA,NA,NA,NA,NA,NA,NA,NA,NA,NA,NA,NA,NA,NA,NA,NA,NA,NA,NA,NA,NA,NA,NA
ISO_PYF,Income share held by lowest 20%,SI.DST.FRST.20,NA,NA,NA,NA,NA,NA,NA,NA,NA,NA,NA,NA,NA,NA,NA,NA,NA,NA,NA,NA,NA,NA,NA,NA,NA,NA,NA,NA,NA,NA,NA,NA,NA,NA,NA,NA,NA,NA,NA,NA,NA,NA,NA,NA,NA,NA,NA,NA,NA,NA,NA,NA,NA,NA,NA,NA,NA,NA,NA,NA,NA,NA,NA,NA,NA
ISO_QAT,Income share held by lowest 20%,SI.DST.FRST.20,NA,NA,NA,NA,NA,NA,NA,NA,NA,NA,NA,NA,NA,NA,NA,NA,NA,NA,NA,NA,NA,NA,NA,NA,NA,NA,NA,NA,NA,NA,NA,NA,NA,NA,NA,NA,NA,NA,NA,NA,NA,NA,NA,NA,NA,NA,NA,NA,NA,NA,NA,NA,NA,NA,NA,NA,NA,NA,NA,NA,NA,NA,NA,NA,NA
ISO_ROU,Income share held by lowest 20%,SI.DST.FRST.20,NA,NA,NA,NA,NA,NA,NA,NA,NA,NA,NA,NA,NA,NA,NA,NA,NA,NA,NA,NA,NA,NA,NA,NA,NA,NA,NA,NA,NA,NA,NA,NA,NA,NA,NA,NA,NA,NA,NA,NA,NA,NA,NA,NA,NA,NA,5,5.5,5.8,6,5.7,5.5,5.3,5,4.9,5.1,5.6,5.3,5.4,5.7,5.6,6,NA,NA,NA
ISO_RUS,Income share held by lowest 20%,SI.DST.FRST.20,NA,NA,NA,NA,NA,NA,NA,NA,NA,NA,NA,NA,NA,NA,NA,NA,NA,NA,NA,NA,NA,NA,NA,NA,NA,NA,NA,NA,NA,NA,NA,NA,NA,NA,NA,NA,NA,6.3,6.2,6.3,6.4,6.6,6.6,6.1,6,5.8,5.9,5.8,6.1,6.4,6.4,6.5,6.3,6.4,6.6,6.9,7,7.1,7.1,7.1,7.5,NA,NA,NA,NA
ISO_RWA,Income share held by lowest 20%,SI.DST.FRST.20,NA,NA,NA,NA,NA,NA,NA,NA,NA,NA,NA,NA,NA,NA,NA,NA,NA,NA,NA,NA,NA,NA,NA,NA,NA,NA,NA,NA,NA,NA,NA,NA,NA,NA,NA,NA,NA,NA,NA,NA,5.2,NA,NA,NA,NA,4.5,NA,NA,NA,NA,5.6,NA,NA,6,NA,NA,6,NA,NA,NA,NA,NA,NA,NA,NA
ISO_SAS,Income share held by lowest 20%,SI.DST.FRST.20,NA,NA,NA,NA,NA,NA,NA,NA,NA,NA,NA,NA,NA,NA,NA,NA,NA,NA,NA,NA,NA,NA,NA,NA,NA,NA,NA,NA,NA,NA,NA,NA,NA,NA,NA,NA,NA,NA,NA,NA,NA,NA,NA,NA,NA,NA,NA,NA,NA,NA,NA,NA,NA,NA,NA,NA,NA,NA,NA,NA,NA,NA,NA,NA,NA
ISO_SAU,Income share held by lowest 20%,SI.DST.FRST.20,NA,NA,NA,NA,NA,NA,NA,NA,NA,NA,NA,NA,NA,NA,NA,NA,NA,NA,NA,NA,NA,NA,NA,NA,NA,NA,NA,NA,NA,NA,NA,NA,NA,NA,NA,NA,NA,NA,NA,NA,NA,NA,NA,NA,NA,NA,NA,NA,NA,NA,NA,NA,NA,NA,NA,NA,NA,NA,NA,NA,NA,NA,NA,NA,NA
ISO_SDN,Income share held by lowest 20%,SI.DST.FRST.20,NA,NA,NA,NA,NA,NA,NA,NA,NA,NA,NA,NA,NA,NA,NA,NA,NA,NA,NA,NA,NA,NA,NA,NA,NA,NA,NA,NA,NA,NA,NA,NA,NA,NA,NA,NA,NA,NA,NA,NA,NA,NA,NA,NA,NA,NA,NA,NA,NA,6.8,NA,NA,NA,NA,7.8,NA,NA,NA,NA,NA,NA,NA,NA,NA,NA
ISO_SEN,Income share held by lowest 20%,SI.DST.FRST.20,NA,NA,NA,NA,NA,NA,NA,NA,NA,NA,NA,NA,NA,NA,NA,NA,NA,NA,NA,NA,NA,NA,NA,NA,NA,NA,NA,NA,NA,NA,NA,3.5,NA,NA,6.5,NA,NA,NA,NA,NA,NA,6.6,NA,NA,NA,6.2,NA,NA,NA,NA,NA,6.1,NA,NA,NA,NA,NA,NA,7.1,NA,NA,7.3,NA,NA,NA
ISO_SGP,Income share held by lowest 20%,SI.DST.FRST.20,NA,NA,NA,NA,NA,NA,NA,NA,NA,NA,NA,NA,NA,NA,NA,NA,NA,NA,NA,NA,NA,NA,NA,NA,NA,NA,NA,NA,NA,NA,NA,NA,NA,NA,NA,NA,NA,NA,NA,NA,NA,NA,NA,NA,NA,NA,NA,NA,NA,NA,NA,NA,NA,NA,NA,NA,NA,NA,NA,NA,NA,NA,NA,NA,NA
ISO_SLB,Income share held by lowest 20%,SI.DST.FRST.20,NA,NA,NA,NA,NA,NA,NA,NA,NA,NA,NA,NA,NA,NA,NA,NA,NA,NA,NA,NA,NA,NA,NA,NA,NA,NA,NA,NA,NA,NA,NA,NA,NA,NA,NA,NA,NA,NA,NA,NA,NA,NA,NA,NA,NA,5,NA,NA,NA,NA,NA,NA,7,NA,NA,NA,NA,NA,NA,NA,NA,NA,NA,NA,NA
ISO_SLE,Income share held by lowest 20%,SI.DST.FRST.20,NA,NA,NA,NA,NA,NA,NA,NA,NA,NA,NA,NA,NA,NA,NA,NA,NA,NA,NA,NA,NA,NA,NA,NA,NA,NA,NA,NA,NA,NA,NA,NA,NA,NA,NA,NA,NA,NA,NA,NA,NA,NA,NA,6.6,NA,NA,NA,NA,NA,NA,NA,7.9,NA,NA,NA,NA,NA,NA,7.9,NA,NA,NA,NA,NA,NA
ISO_SLV,Income share held by lowest 20%,SI.DST.FRST.20,NA,NA,NA,NA,NA,NA,NA,NA,NA,NA,NA,NA,NA,NA,NA,NA,NA,NA,NA,NA,NA,NA,NA,NA,NA,NA,NA,NA,NA,NA,NA,2.6,NA,NA,NA,3.7,3.5,NA,2,2.5,3.2,3.1,3,2.8,3.7,3.8,4.8,5.2,4.6,4.9,5.1,5.6,5.7,5.5,5.8,6.1,5.9,6.4,6.2,6.3,NA,5.6,5.6,NA,NA
ISO_SMR,Income share held by lowest 20%,SI.DST.FRST.20,NA,NA,NA,NA,NA,NA,NA,NA,NA,NA,NA,NA,NA,NA,NA,NA,NA,NA,NA,NA,NA,NA,NA,NA,NA,NA,NA,NA,NA,NA,NA,NA,NA,NA,NA,NA,NA,NA,NA,NA,NA,NA,NA,NA,NA,NA,NA,NA,NA,NA,NA,NA,NA,NA,NA,NA,NA,NA,NA,NA,NA,NA,NA,NA,NA
ISO_SOM,Income share held by lowest 20%,SI.DST.FRST.20,NA,NA,NA,NA,NA,NA,NA,NA,NA,NA,NA,NA,NA,NA,NA,NA,NA,NA,NA,NA,NA,NA,NA,NA,NA,NA,NA,NA,NA,NA,NA,NA,NA,NA,NA,NA,NA,NA,NA,NA,NA,NA,NA,NA,NA,NA,NA,NA,NA,NA,NA,NA,NA,NA,NA,NA,NA,NA,NA,NA,NA,NA,NA,NA,NA
ISO_SRB,Income share held by lowest 20%,SI.DST.FRST.20,NA,NA,NA,NA,NA,NA,NA,NA,NA,NA,NA,NA,NA,NA,NA,NA,NA,NA,NA,NA,NA,NA,NA,NA,NA,NA,NA,NA,NA,NA,NA,NA,NA,NA,NA,NA,NA,NA,NA,NA,NA,NA,NA,NA,NA,NA,NA,NA,NA,NA,NA,NA,4.7,4.7,4.3,4.4,4.5,5.2,5.9,6.4,6.6,7.1,NA,NA,NA
ISO_SSA,Income share held by lowest 20%,SI.DST.FRST.20,NA,NA,NA,NA,NA,NA,NA,NA,NA,NA,NA,NA,NA,NA,NA,NA,NA,NA,NA,NA,NA,NA,NA,NA,NA,NA,NA,NA,NA,NA,NA,NA,NA,NA,NA,NA,NA,NA,NA,NA,NA,NA,NA,NA,NA,NA,NA,NA,NA,NA,NA,NA,NA,NA,NA,NA,NA,NA,NA,NA,NA,NA,NA,NA,NA
ISO_SSD,Income share held by lowest 20%,SI.DST.FRST.20,NA,NA,NA,NA,NA,NA,NA,NA,NA,NA,NA,NA,NA,NA,NA,NA,NA,NA,NA,NA,NA,NA,NA,NA,NA,NA,NA,NA,NA,NA,NA,NA,NA,NA,NA,NA,NA,NA,NA,NA,NA,NA,NA,NA,NA,NA,NA,NA,NA,3.9,NA,NA,NA,NA,NA,NA,4.8,NA,NA,NA,NA,NA,NA,NA,NA
ISO_SSF,Income share held by lowest 20%,SI.DST.FRST.20,NA,NA,NA,NA,NA,NA,NA,NA,NA,NA,NA,NA,NA,NA,NA,NA,NA,NA,NA,NA,NA,NA,NA,NA,NA,NA,NA,NA,NA,NA,NA,NA,NA,NA,NA,NA,NA,NA,NA,NA,NA,NA,NA,NA,NA,NA,NA,NA,NA,NA,NA,NA,NA,NA,NA,NA,NA,NA,NA,NA,NA,NA,NA,NA,NA
ISO_SST,Income share held by lowest 20%,SI.DST.FRST.20,NA,NA,NA,NA,NA,NA,NA,NA,NA,NA,NA,NA,NA,NA,NA,NA,NA,NA,NA,NA,NA,NA,NA,NA,NA,NA,NA,NA,NA,NA,NA,NA,NA,NA,NA,NA,NA,NA,NA,NA,NA,NA,NA,NA,NA,NA,NA,NA,NA,NA,NA,NA,NA,NA,NA,NA,NA,NA,NA,NA,NA,NA,NA,NA,NA
ISO_STP,Income share held by lowest 20%,SI.DST.FRST.20,NA,NA,NA,NA,NA,NA,NA,NA,NA,NA,NA,NA,NA,NA,NA,NA,NA,NA,NA,NA,NA,NA,NA,NA,NA,NA,NA,NA,NA,NA,NA,NA,NA,NA,NA,NA,NA,NA,NA,NA,7.9,NA,NA,NA,NA,NA,NA,NA,NA,NA,8.4,NA,NA,NA,NA,NA,NA,6.4,NA,NA,NA,NA,NA,NA,NA
ISO_SUR,Income share held by lowest 20%,SI.DST.FRST.20,NA,NA,NA,NA,NA,NA,NA,NA,NA,NA,NA,NA,NA,NA,NA,NA,NA,NA,NA,NA,NA,NA,NA,NA,NA,NA,NA,NA,NA,NA,NA,NA,NA,NA,NA,NA,NA,NA,NA,NA,NA,NA,NA,NA,NA,NA,NA,NA,NA,NA,NA,NA,NA,NA,NA,NA,NA,NA,NA,NA,NA,NA,5.9,NA,NA
ISO_SVK,Income share held by lowest 20%,SI.DST.FRST.20,NA,NA,NA,NA,NA,NA,NA,NA,NA,NA,NA,NA,NA,NA,NA,NA,NA,NA,NA,NA,NA,NA,NA,NA,NA,NA,NA,NA,NA,NA,NA,NA,NA,NA,NA,NA,NA,NA,NA,NA,NA,NA,NA,NA,8.7,8.7,9.3,9.5,9.2,8.6,8.5,8.7,8.6,8.3,8.4,8.5,8.7,9.4,8.8,9.5,9.1,9.1,NA,NA,NA
ISO_SVN,Income share held by lowest 20%,SI.DST.FRST.20,NA,NA,NA,NA,NA,NA,NA,NA,NA,NA,NA,NA,NA,NA,NA,NA,NA,NA,NA,NA,NA,NA,NA,NA,NA,NA,NA,NA,NA,NA,NA,NA,NA,NA,NA,NA,NA,NA,NA,NA,NA,NA,NA,NA,9.8,9.9,10,10,10.2,9.8,9.7,9.7,9.4,9.2,9.4,9.6,9.7,10,10.1,10.1,10.3,10.2,NA,NA,NA
ISO_SWE,Income share held by lowest 20%,SI.DST.FRST.20,NA,NA,NA,NA,NA,NA,NA,NA,NA,NA,NA,NA,NA,NA,NA,10,NA,NA,NA,NA,NA,10,NA,NA,NA,NA,NA,10.3,NA,NA,NA,NA,9.7,NA,NA,9.4,NA,NA,NA,NA,9.5,9.6,9.5,9.3,9.3,8.7,9.2,8.9,8.6,8.6,8.6,8.5,8.5,8.1,8.4,8.2,8.1,8.3,7.7,8.1,8.2,7.8,NA,NA,NA
ISO_SWZ,Income share held by lowest 20%,SI.DST.FRST.20,NA,NA,NA,NA,NA,NA,NA,NA,NA,NA,NA,NA,NA,NA,NA,NA,NA,NA,NA,NA,NA,NA,NA,NA,NA,NA,NA,NA,NA,NA,NA,NA,NA,NA,2.5,NA,NA,NA,NA,NA,4.5,NA,NA,NA,NA,NA,NA,NA,NA,4,NA,NA,NA,NA,NA,NA,3.7,NA,NA,NA,NA,NA,NA,NA,NA
ISO_SXM,Income share held by lowest 20%,SI.DST.FRST.20,NA,NA,NA,NA,NA,NA,NA,NA,NA,NA,NA,NA,NA,NA,NA,NA,NA,NA,NA,NA,NA,NA,NA,NA,NA,NA,NA,NA,NA,NA,NA,NA,NA,NA,NA,NA,NA,NA,NA,NA,NA,NA,NA,NA,NA,NA,NA,NA,NA,NA,NA,NA,NA,NA,NA,NA,NA,NA,NA,NA,NA,NA,NA,NA,NA
ISO_SYC,Income share held by lowest 20%,SI.DST.FRST.20,NA,NA,NA,NA,NA,NA,NA,NA,NA,NA,NA,NA,NA,NA,NA,NA,NA,NA,NA,NA,NA,NA,NA,NA,NA,NA,NA,NA,NA,NA,NA,NA,NA,NA,NA,NA,NA,NA,NA,NA,NA,NA,NA,NA,NA,NA,NA,NA,NA,NA,NA,NA,NA,5.4,NA,NA,NA,NA,7,NA,NA,NA,NA,NA,NA
ISO_SYR,Income share held by lowest 20%,SI.DST.FRST.20,NA,NA,NA,NA,NA,NA,NA,NA,NA,NA,NA,NA,NA,NA,NA,NA,NA,NA,NA,NA,NA,NA,NA,NA,NA,NA,NA,NA,NA,NA,NA,NA,NA,NA,NA,NA,7.8,NA,NA,NA,NA,NA,NA,7.2,NA,NA,6.1,NA,NA,6.3,NA,NA,NA,NA,NA,NA,NA,NA,NA,NA,NA,NA,9.2,NA,NA
ISO_TCA,Income share held by lowest 20%,SI.DST.FRST.20,NA,NA,NA,NA,NA,NA,NA,NA,NA,NA,NA,NA,NA,NA,NA,NA,NA,NA,NA,NA,NA,NA,NA,NA,NA,NA,NA,NA,NA,NA,NA,NA,NA,NA,NA,NA,NA,NA,NA,NA,NA,NA,NA,NA,NA,NA,NA,NA,NA,NA,NA,NA,NA,NA,NA,NA,NA,NA,NA,NA,NA,NA,NA,NA,NA
ISO_TCD,Income share held by lowest 20%,SI.DST.FRST.20,NA,NA,NA,NA,NA,NA,NA,NA,NA,NA,NA,NA,NA,NA,NA,NA,NA,NA,NA,NA,NA,NA,NA,NA,NA,NA,NA,NA,NA,NA,NA,NA,NA,NA,NA,NA,NA,NA,NA,NA,NA,NA,NA,6.3,NA,NA,NA,NA,NA,NA,NA,4.9,NA,NA,NA,NA,NA,NA,7.1,NA,NA,NA,6.9,NA,NA
ISO_TEA,Income share held by lowest 20%,SI.DST.FRST.20,NA,NA,NA,NA,NA,NA,NA,NA,NA,NA,NA,NA,NA,NA,NA,NA,NA,NA,NA,NA,NA,NA,NA,NA,NA,NA,NA,NA,NA,NA,NA,NA,NA,NA,NA,NA,NA,NA,NA,NA,NA,NA,NA,NA,NA,NA,NA,NA,NA,NA,NA,NA,NA,NA,NA,NA,NA,NA,NA,NA,NA,NA,NA,NA,NA
ISO_TEC,Income share held by lowest 20%,SI.DST.FRST.20,NA,NA,NA,NA,NA,NA,NA,NA,NA,NA,NA,NA,NA,NA,NA,NA,NA,NA,NA,NA,NA,NA,NA,NA,NA,NA,NA,NA,NA,NA,NA,NA,NA,NA,NA,NA,NA,NA,NA,NA,NA,NA,NA,NA,NA,NA,NA,NA,NA,NA,NA,NA,NA,NA,NA,NA,NA,NA,NA,NA,NA,NA,NA,NA,NA
ISO_TGO,Income share held by lowest 20%,SI.DST.FRST.20,NA,NA,NA,NA,NA,NA,NA,NA,NA,NA,NA,NA,NA,NA,NA,NA,NA,NA,NA,NA,NA,NA,NA,NA,NA,NA,NA,NA,NA,NA,NA,NA,NA,NA,NA,NA,NA,NA,NA,NA,NA,NA,NA,NA,NA,NA,6.1,NA,NA,NA,NA,4.8,NA,NA,NA,5,NA,NA,5.8,NA,NA,6.8,NA,NA,NA
ISO_THA,Income share held by lowest 20%,SI.DST.FRST.20,NA,NA,NA,NA,NA,NA,NA,NA,NA,NA,NA,NA,NA,NA,NA,NA,NA,NA,NA,NA,NA,5.4,NA,NA,NA,NA,NA,NA,6.1,NA,5.9,NA,5.4,NA,6.1,NA,6.2,NA,6.4,6.1,6.2,NA,6.3,NA,6.1,NA,6,6.5,6.4,6.5,6.6,7.2,6.6,6.9,7.1,7.5,7.3,7.3,7.2,7.7,7.5,7.6,NA,NA,NA
ISO_TJK,Income share held by lowest 20%,SI.DST.FRST.20,NA,NA,NA,NA,NA,NA,NA,NA,NA,NA,NA,NA,NA,NA,NA,NA,NA,NA,NA,NA,NA,NA,NA,NA,NA,NA,NA,NA,NA,NA,NA,NA,NA,NA,NA,NA,NA,NA,NA,8.3,NA,NA,NA,7.9,7.8,NA,NA,7.4,NA,8.4,NA,NA,NA,NA,NA,7.4,NA,NA,NA,NA,NA,NA,NA,NA,NA
ISO_TKM,Income share held by lowest 20%,SI.DST.FRST.20,NA,NA,NA,NA,NA,NA,NA,NA,NA,NA,NA,NA,NA,NA,NA,NA,NA,NA,NA,NA,NA,NA,NA,NA,NA,NA,NA,NA,NA,NA,NA,NA,NA,NA,NA,NA,NA,NA,6.1,NA,NA,NA,NA,NA,NA,NA,NA,NA,NA,NA,NA,NA,NA,NA,NA,NA,NA,NA,NA,NA,NA,NA,NA,NA,NA
ISO_TLA,Income share held by lowest 20%,SI.DST.FRST.20,NA,NA,NA,NA,NA,NA,NA,NA,NA,NA,NA,NA,NA,NA,NA,NA,NA,NA,NA,NA,NA,NA,NA,NA,NA,NA,NA,NA,NA,NA,NA,NA,NA,NA,NA,NA,NA,NA,NA,NA,NA,NA,NA,NA,NA,NA,NA,NA,NA,NA,NA,NA,NA,NA,NA,NA,NA,NA,NA,NA,NA,NA,NA,NA,NA
ISO_TLS,Income share held by lowest 20%,SI.DST.FRST.20,NA,NA,NA,NA,NA,NA,NA,NA,NA,NA,NA,NA,NA,NA,NA,NA,NA,NA,NA,NA,NA,NA,NA,NA,NA,NA,NA,NA,NA,NA,NA,NA,NA,NA,NA,NA,NA,NA,NA,NA,NA,7.3,NA,NA,NA,NA,NA,9.5,NA,NA,NA,NA,NA,NA,9.4,NA,NA,NA,NA,NA,NA,NA,NA,NA,NA
ISO_TMN,Income share held by lowest 20%,SI.DST.FRST.20,NA,NA,NA,NA,NA,NA,NA,NA,NA,NA,NA,NA,NA,NA,NA,NA,NA,NA,NA,NA,NA,NA,NA,NA,NA,NA,NA,NA,NA,NA,NA,NA,NA,NA,NA,NA,NA,NA,NA,NA,NA,NA,NA,NA,NA,NA,NA,NA,NA,NA,NA,NA,NA,NA,NA,NA,NA,NA,NA,NA,NA,NA,NA,NA,NA
ISO_TON,Income share held by lowest 20%,SI.DST.FRST.20,NA,NA,NA,NA,NA,NA,NA,NA,NA,NA,NA,NA,NA,NA,NA,NA,NA,NA,NA,NA,NA,NA,NA,NA,NA,NA,NA,NA,NA,NA,NA,NA,NA,NA,NA,NA,NA,NA,NA,NA,6.2,NA,NA,NA,NA,NA,NA,NA,NA,6.7,NA,NA,NA,NA,NA,7.7,NA,NA,NA,NA,NA,9.3,NA,NA,NA
ISO_TSA,Income share held by lowest 20%,SI.DST.FRST.20,NA,NA,NA,NA,NA,NA,NA,NA,NA,NA,NA,NA,NA,NA,NA,NA,NA,NA,NA,NA,NA,NA,NA,NA,NA,NA,NA,NA,NA,NA,NA,NA,NA,NA,NA,NA,NA,NA,NA,NA,NA,NA,NA,NA,NA,NA,NA,NA,NA,NA,NA,NA,NA,NA,NA,NA,NA,NA,NA,NA,NA,NA,NA,NA,NA
ISO_TSS,Income share held by lowest 20%,SI.DST.FRST.20,NA,NA,NA,NA,NA,NA,NA,NA,NA,NA,NA,NA,NA,NA,NA,NA,NA,NA,NA,NA,NA,NA,NA,NA,NA,NA,NA,NA,NA,NA,NA,NA,NA,NA,NA,NA,NA,NA,NA,NA,NA,NA,NA,NA,NA,NA,NA,NA,NA,NA,NA,NA,NA,NA,NA,NA,NA,NA,NA,NA,NA,NA,NA,NA,NA
ISO_TTO,Income share held by lowest 20%,SI.DST.FRST.20,NA,NA,NA,NA,NA,NA,NA,NA,NA,NA,NA,NA,NA,NA,NA,NA,NA,NA,NA,NA,NA,NA,NA,NA,NA,NA,NA,NA,4.9,NA,NA,NA,5.5,NA,NA,NA,NA,NA,NA,NA,NA,NA,NA,NA,NA,NA,NA,NA,NA,NA,NA,NA,NA,NA,NA,NA,NA,NA,NA,NA,NA,NA,NA,NA,NA
ISO_TUN,Income share held by lowest 20%,SI.DST.FRST.20,NA,NA,NA,NA,NA,NA,NA,NA,NA,NA,NA,NA,NA,NA,NA,NA,NA,NA,NA,NA,NA,NA,NA,NA,NA,5.5,NA,NA,NA,NA,5.9,NA,NA,NA,NA,5.7,NA,NA,NA,NA,6,NA,NA,NA,NA,6.4,NA,NA,NA,NA,6.7,NA,NA,NA,NA,7.8,NA,NA,NA,NA,NA,7.7,NA,NA,NA
ISO_TUR,Income share held by lowest 20%,SI.DST.FRST.20,NA,NA,NA,NA,NA,NA,NA,NA,NA,NA,NA,NA,NA,NA,NA,NA,NA,NA,NA,NA,NA,NA,NA,NA,NA,NA,NA,NA,NA,NA,NA,NA,NA,NA,NA,NA,NA,NA,NA,NA,NA,NA,NA,NA,NA,NA,NA,NA,NA,NA,NA,NA,NA,NA,NA,NA,NA,5.4,5.4,5.2,5.3,5.2,NA,NA,NA
ISO_TUV,Income share held by lowest 20%,SI.DST.FRST.20,NA,NA,NA,NA,NA,NA,NA,NA,NA,NA,NA,NA,NA,NA,NA,NA,NA,NA,NA,NA,NA,NA,NA,NA,NA,NA,NA,NA,NA,NA,NA,NA,NA,NA,NA,NA,NA,NA,NA,NA,NA,NA,NA,NA,NA,NA,NA,NA,NA,NA,6.6,NA,NA,NA,NA,NA,NA,NA,NA,NA,NA,NA,NA,NA,NA
ISO_TZA,Income share held by lowest 20%,SI.DST.FRST.20,NA,NA,NA,NA,NA,NA,NA,NA,NA,NA,NA,NA,NA,NA,NA,NA,NA,NA,NA,NA,NA,NA,NA,NA,NA,NA,NA,NA,NA,NA,NA,7,NA,NA,NA,NA,NA,NA,NA,NA,6.8,NA,NA,NA,NA,NA,NA,6.3,NA,NA,NA,7.4,NA,NA,NA,NA,NA,NA,6.9,NA,NA,NA,NA,NA,NA
ISO_UGA,Income share held by lowest 20%,SI.DST.FRST.20,NA,NA,NA,NA,NA,NA,NA,NA,NA,NA,NA,NA,NA,NA,NA,NA,NA,NA,NA,NA,NA,NA,NA,NA,NA,NA,NA,NA,NA,4.9,NA,NA,6.2,NA,NA,NA,6.8,NA,NA,5.9,NA,NA,5.9,NA,NA,6.1,NA,NA,NA,5.9,NA,NA,6.4,NA,NA,NA,6.1,NA,NA,6.1,NA,NA,NA,NA,NA
ISO_UKR,Income share held by lowest 20%,SI.DST.FRST.20,NA,NA,NA,NA,NA,NA,NA,NA,NA,NA,NA,NA,NA,NA,NA,NA,NA,NA,NA,NA,NA,NA,NA,NA,NA,NA,NA,NA,NA,NA,NA,NA,8,8.8,NA,6.2,7.1,NA,NA,NA,NA,NA,8.8,9.1,8.8,8.8,8.8,9.5,9.6,10,10.2,10.2,10.2,10.3,10.5,10,10.1,9.8,9.9,9.7,10,NA,NA,NA,NA
ISO_UMC,Income share held by lowest 20%,SI.DST.FRST.20,NA,NA,NA,NA,NA,NA,NA,NA,NA,NA,NA,NA,NA,NA,NA,NA,NA,NA,NA,NA,NA,NA,NA,NA,NA,NA,NA,NA,NA,NA,NA,NA,NA,NA,NA,NA,NA,NA,NA,NA,NA,NA,NA,NA,NA,NA,NA,NA,NA,NA,NA,NA,NA,NA,NA,NA,NA,NA,NA,NA,NA,NA,NA,NA,NA
ISO_URY,Income share held by lowest 20%,SI.DST.FRST.20,NA,NA,NA,NA,NA,NA,NA,NA,NA,NA,NA,NA,NA,NA,NA,NA,NA,NA,NA,NA,NA,5,NA,NA,NA,NA,NA,NA,NA,5.3,NA,NA,5.4,NA,NA,5.4,5.4,5.4,5.1,NA,5.1,4.8,4.7,5.1,4.7,4.8,4.9,4.8,5,4.8,5,5.4,5.6,5.5,5.6,5.6,5.7,5.9,5.9,5.8,5.7,5.7,5.6,NA,NA
ISO_USA,Income share held by lowest 20%,SI.DST.FRST.20,NA,NA,NA,5.6,5.6,5.7,5.5,5.8,6,6.1,5.9,5.9,5.8,5.9,6.1,6,6.1,6.2,6.2,6.4,6.4,6.2,5.8,5.5,5.6,5.6,5.5,5.6,5.6,5.6,5.6,5.6,5.5,5.2,5.4,5.5,5.5,5.4,5.4,5.5,5.5,5.4,5.3,5.2,5.3,5.3,5.2,5.2,5.2,5.4,5.3,5.2,5.2,5.3,5.2,5.3,5.2,5.2,5.2,5.1,5.6,6,NA,NA,NA
ISO_UZB,Income share held by lowest 20%,SI.DST.FRST.20,NA,NA,NA,NA,NA,NA,NA,NA,NA,NA,NA,NA,NA,NA,NA,NA,NA,NA,NA,NA,NA,NA,NA,NA,NA,NA,NA,NA,NA,NA,NA,NA,NA,NA,NA,NA,NA,NA,4,NA,7.1,NA,8.2,7.4,NA,NA,NA,NA,NA,NA,NA,NA,NA,NA,NA,NA,NA,NA,NA,NA,NA,NA,7.2,NA,NA
ISO_VCT,Income share held by lowest 20%,SI.DST.FRST.20,NA,NA,NA,NA,NA,NA,NA,NA,NA,NA,NA,NA,NA,NA,NA,NA,NA,NA,NA,NA,NA,NA,NA,NA,NA,NA,NA,NA,NA,NA,NA,NA,NA,NA,NA,NA,NA,NA,NA,NA,NA,NA,NA,NA,NA,NA,NA,NA,NA,NA,NA,NA,NA,NA,NA,NA,NA,NA,NA,NA,NA,NA,NA,NA,NA
ISO_VEN,Income share held by lowest 20%,SI.DST.FRST.20,NA,NA,NA,NA,NA,NA,NA,NA,NA,NA,NA,NA,NA,NA,NA,NA,NA,NA,NA,NA,NA,3.1,NA,NA,NA,NA,NA,3.4,NA,4.4,NA,NA,5,NA,NA,4.1,NA,NA,3.6,3.8,NA,4,3.3,3.3,3.3,2.8,4.2,NA,NA,NA,NA,NA,NA,NA,NA,NA,NA,NA,NA,NA,NA,NA,NA,NA,NA
ISO_VGB,Income share held by lowest 20%,SI.DST.FRST.20,NA,NA,NA,NA,NA,NA,NA,NA,NA,NA,NA,NA,NA,NA,NA,NA,NA,NA,NA,NA,NA,NA,NA,NA,NA,NA,NA,NA,NA,NA,NA,NA,NA,NA,NA,NA,NA,NA,NA,NA,NA,NA,NA,NA,NA,NA,NA,NA,NA,NA,NA,NA,NA,NA,NA,NA,NA,NA,NA,NA,NA,NA,NA,NA,NA
ISO_VIR,Income share held by lowest 20%,SI.DST.FRST.20,NA,NA,NA,NA,NA,NA,NA,NA,NA,NA,NA,NA,NA,NA,NA,NA,NA,NA,NA,NA,NA,NA,NA,NA,NA,NA,NA,NA,NA,NA,NA,NA,NA,NA,NA,NA,NA,NA,NA,NA,NA,NA,NA,NA,NA,NA,NA,NA,NA,NA,NA,NA,NA,NA,NA,NA,NA,NA,NA,NA,NA,NA,NA,NA,NA
ISO_VNM,Income share held by lowest 20%,SI.DST.FRST.20,NA,NA,NA,NA,NA,NA,NA,NA,NA,NA,NA,NA,NA,NA,NA,NA,NA,NA,NA,NA,NA,NA,NA,NA,NA,NA,NA,NA,NA,NA,NA,NA,7.8,NA,NA,NA,NA,8,NA,NA,NA,NA,7.5,NA,7.2,NA,7.2,NA,7.4,NA,6.5,NA,7.1,NA,7.1,NA,6.9,NA,6.7,NA,6.6,NA,6.8,NA,NA
ISO_VUT,Income share held by lowest 20%,SI.DST.FRST.20,NA,NA,NA,NA,NA,NA,NA,NA,NA,NA,NA,NA,NA,NA,NA,NA,NA,NA,NA,NA,NA,NA,NA,NA,NA,NA,NA,NA,NA,NA,NA,NA,NA,NA,NA,NA,NA,NA,NA,NA,NA,NA,NA,NA,NA,NA,NA,NA,NA,NA,6.8,NA,NA,NA,NA,NA,NA,NA,NA,7.5,NA,NA,NA,NA,NA
ISO_WLD,Income share held by lowest 20%,SI.DST.FRST.20,NA,NA,NA,NA,NA,NA,NA,NA,NA,NA,NA,NA,NA,NA,NA,NA,NA,NA,NA,NA,NA,NA,NA,NA,NA,NA,NA,NA,NA,NA,NA,NA,NA,NA,NA,NA,NA,NA,NA,NA,NA,NA,NA,NA,NA,NA,NA,NA,NA,NA,NA,NA,NA,NA,NA,NA,NA,NA,NA,NA,NA,NA,NA,NA,NA
ISO_WSM,Income share held by lowest 20%,SI.DST.FRST.20,NA,NA,NA,NA,NA,NA,NA,NA,NA,NA,NA,NA,NA,NA,NA,NA,NA,NA,NA,NA,NA,NA,NA,NA,NA,NA,NA,NA,NA,NA,NA,NA,NA,NA,NA,NA,NA,NA,NA,NA,NA,NA,6.3,NA,NA,NA,NA,NA,6.4,NA,NA,NA,NA,6.8,NA,NA,NA,NA,NA,NA,NA,NA,NA,NA,NA
ISO_XKX,Income share held by lowest 20%,SI.DST.FRST.20,NA,NA,NA,NA,NA,NA,NA,NA,NA,NA,NA,NA,NA,NA,NA,NA,NA,NA,NA,NA,NA,NA,NA,NA,NA,NA,NA,NA,NA,NA,NA,NA,NA,NA,NA,NA,NA,NA,NA,NA,NA,NA,NA,9,NA,8.2,8.5,NA,NA,8,7.8,9,8.8,9.7,9.1,9.5,9.4,9.2,NA,NA,NA,NA,NA,NA,NA
ISO_YEM,Income share held by lowest 20%,SI.DST.FRST.20,NA,NA,NA,NA,NA,NA,NA,NA,NA,NA,NA,NA,NA,NA,NA,NA,NA,NA,NA,NA,NA,NA,NA,NA,NA,NA,NA,NA,NA,NA,NA,NA,NA,NA,NA,NA,NA,NA,7.1,NA,NA,NA,NA,NA,NA,7.9,NA,NA,NA,NA,NA,NA,NA,NA,7.3,NA,NA,NA,NA,NA,NA,NA,NA,NA,NA
ISO_ZAF,Income share held by lowest 20%,SI.DST.FRST.20,NA,NA,NA,NA,NA,NA,NA,NA,NA,NA,NA,NA,NA,NA,NA,NA,NA,NA,NA,NA,NA,NA,NA,NA,NA,NA,NA,NA,NA,NA,NA,NA,NA,2.9,NA,NA,NA,NA,NA,NA,3.1,NA,NA,NA,NA,2.6,NA,NA,2.6,NA,2.5,NA,NA,NA,2.4,NA,NA,NA,NA,NA,NA,NA,NA,NA,NA
ISO_ZMB,Income share held by lowest 20%,SI.DST.FRST.20,NA,NA,NA,NA,NA,NA,NA,NA,NA,NA,NA,NA,NA,NA,NA,NA,NA,NA,NA,NA,NA,NA,NA,NA,NA,NA,NA,NA,NA,NA,NA,0.9,NA,3,NA,NA,4.5,NA,4.3,NA,NA,NA,6.1,NA,3.5,NA,3.5,NA,NA,NA,4.1,NA,NA,NA,NA,3.1,NA,NA,NA,NA,NA,NA,3.8,NA,NA
ISO_ZWE,Income share held by lowest 20%,SI.DST.FRST.20,NA,NA,NA,NA,NA,NA,NA,NA,NA,NA,NA,NA,NA,NA,NA,NA,NA,NA,NA,NA,NA,NA,NA,NA,NA,NA,NA,NA,NA,NA,NA,NA,NA,NA,NA,NA,NA,NA,NA,NA,NA,NA,NA,NA,NA,NA,NA,NA,NA,NA,NA,5.8,NA,NA,NA,NA,NA,6,NA,NA,NA,NA,NA,NA,NA